config,model,query_id,P@10,R@10,F1@10,AP,RR,NDCG@10,num_relevant
none,VSM,1,0.500000,0.178571,0.263158,0.214773,1.000000,0.347210,28.000000
none,VSM,2,0.400000,0.166667,0.235294,0.184510,1.000000,0.634342,24.000000
none,VSM,3,0.500000,0.625000,0.555556,0.595038,1.000000,0.699114,8.000000
none,VSM,4,0.100000,0.500000,0.166667,0.590909,1.000000,0.613147,2.000000
none,VSM,5,0.100000,0.250000,0.142857,0.095556,0.125000,0.173612,4.000000
none,VSM,6,0.100000,0.250000,0.142857,0.076693,0.250000,0.110573,4.000000
none,VSM,7,0.200000,0.400000,0.266667,0.138132,0.250000,0.195553,5.000000
none,VSM,8,0.100000,0.090909,0.095238,0.069714,0.142857,0.102015,11.000000
none,VSM,9,0.300000,1.000000,0.461538,0.700000,1.000000,0.852928,3.000000
none,VSM,10,0.200000,0.250000,0.222222,0.095003,0.200000,0.201694,8.000000
none,VSM,11,0.100000,0.142857,0.117647,0.139127,0.500000,0.072014,7.000000
none,VSM,12,0.200000,0.400000,0.266667,0.212488,0.250000,0.184023,5.000000
none,VSM,13,0.000000,0.000000,0.000000,0.003489,0.003861,0.000000,4.000000
none,VSM,14,0.200000,1.000000,0.333333,0.666667,1.000000,0.982424,2.000000
none,VSM,15,0.200000,1.000000,0.333333,0.833333,1.000000,0.621567,2.000000
none,VSM,16,0.100000,0.333333,0.153846,0.187292,0.500000,0.182125,3.000000
none,VSM,17,0.100000,0.500000,0.166667,0.521277,1.000000,0.787155,2.000000
none,VSM,18,0.100000,0.333333,0.153846,0.193518,0.500000,0.296082,3.000000
none,VSM,19,0.100000,0.111111,0.105263,0.032979,0.142857,0.049865,9.000000
none,VSM,20,0.500000,0.555556,0.526316,0.486040,0.500000,0.482546,9.000000
none,VSM,21,0.100000,0.250000,0.142857,0.151641,0.333333,0.309808,4.000000
none,VSM,22,0.000000,0.000000,0.000000,0.001799,0.001799,0.000000,1.000000
none,VSM,23,0.200000,0.062500,0.095238,0.115388,0.500000,0.257983,32.000000
none,VSM,24,0.200000,0.666667,0.307692,0.557860,1.000000,0.812913,3.000000
none,VSM,25,0.400000,0.444444,0.421053,0.469682,1.000000,0.415272,9.000000
none,VSM,26,0.200000,0.333333,0.250000,0.153836,0.250000,0.326236,6.000000
none,VSM,27,0.100000,0.333333,0.153846,0.106164,0.125000,0.212479,3.000000
none,VSM,28,0.000000,0.000000,0.000000,0.001855,0.001838,0.000000,2.000000
none,VSM,29,0.500000,0.555556,0.526316,0.513214,1.000000,0.554754,9.000000
none,VSM,30,0.100000,0.142857,0.117647,0.062518,0.125000,0.050418,7.000000
none,VSM,31,0.000000,0.000000,0.000000,0.000909,0.000909,0.000000,1.000000
none,VSM,32,0.100000,0.166667,0.125000,0.038984,0.111111,0.024222,6.000000
none,VSM,33,0.300000,1.000000,0.461538,0.588889,0.500000,0.700870,3.000000
none,VSM,34,0.000000,0.000000,0.000000,0.123324,0.090909,0.000000,6.000000
none,VSM,35,0.000000,0.000000,0.000000,0.028023,0.041667,0.000000,3.000000
none,VSM,36,0.000000,0.000000,0.000000,0.024566,0.045455,0.000000,2.000000
none,VSM,37,0.100000,0.111111,0.105263,0.136276,0.111111,0.046823,9.000000
none,VSM,38,0.000000,0.000000,0.000000,0.045915,0.037037,0.000000,10.000000
none,VSM,39,0.300000,0.230769,0.260870,0.182616,1.000000,0.126003,13.000000
none,VSM,40,0.000000,0.000000,0.000000,0.023417,0.018182,0.000000,12.000000
none,VSM,41,0.300000,1.000000,0.461538,0.791667,1.000000,0.863558,3.000000
none,VSM,42,0.200000,0.400000,0.266667,0.126792,0.166667,0.281813,5.000000
none,VSM,43,0.500000,0.833333,0.625000,0.509712,1.000000,0.789157,6.000000
none,VSM,44,0.000000,0.000000,0.000000,0.002445,0.001464,0.000000,3.000000
none,VSM,45,0.100000,0.083333,0.090909,0.126715,0.500000,0.219134,12.000000
none,VSM,46,0.300000,0.200000,0.240000,0.253426,1.000000,0.481461,15.000000
none,VSM,47,0.400000,0.285714,0.333333,0.244041,0.250000,0.295143,14.000000
none,VSM,48,0.200000,0.181818,0.190476,0.183565,1.000000,0.268505,11.000000
none,VSM,49,0.100000,0.500000,0.166667,0.284483,0.500000,0.521296,2.000000
none,VSM,50,0.100000,0.166667,0.125000,0.067450,0.333333,0.267375,6.000000
none,VSM,51,0.400000,0.400000,0.400000,0.346679,1.000000,0.243321,10.000000
none,VSM,52,0.300000,0.750000,0.428571,0.518590,0.500000,0.445613,4.000000
none,VSM,53,0.200000,0.200000,0.200000,0.263651,1.000000,0.183293,10.000000
none,VSM,54,0.100000,0.111111,0.105263,0.084814,0.125000,0.142188,9.000000
none,VSM,55,0.300000,0.300000,0.300000,0.172014,0.500000,0.224179,10.000000
none,VSM,56,0.000000,0.000000,0.000000,0.088841,0.083333,0.000000,10.000000
none,VSM,57,0.000000,0.000000,0.000000,0.058550,0.083333,0.000000,14.000000
none,VSM,58,0.200000,0.222222,0.210526,0.120635,0.200000,0.282305,9.000000
none,VSM,59,0.100000,0.250000,0.142857,0.058909,0.142857,0.085581,4.000000
none,VSM,60,0.200000,0.400000,0.266667,0.471201,1.000000,0.323892,5.000000
none,VSM,61,0.200000,0.400000,0.266667,0.175245,0.333333,0.313018,5.000000
none,VSM,62,0.000000,0.000000,0.000000,0.018999,0.038462,0.000000,5.000000
none,VSM,63,0.000000,0.000000,0.000000,0.004956,0.003597,0.000000,3.000000
none,VSM,64,0.100000,0.500000,0.166667,0.545455,1.000000,0.772538,2.000000
none,VSM,65,0.500000,0.333333,0.400000,0.299632,1.000000,0.505596,15.000000
none,VSM,66,0.200000,0.400000,0.266667,0.165812,0.250000,0.372351,5.000000
none,VSM,67,0.600000,0.428571,0.500000,0.596800,1.000000,0.602147,14.000000
none,VSM,68,0.200000,0.400000,0.266667,0.123654,0.333333,0.339982,5.000000
none,VSM,69,0.000000,0.000000,0.000000,0.020801,0.017544,0.000000,5.000000
none,VSM,70,0.000000,0.000000,0.000000,0.051908,0.047619,0.000000,10.000000
none,VSM,71,0.000000,0.000000,0.000000,0.037113,0.047619,0.000000,8.000000
none,VSM,72,0.000000,0.000000,0.000000,0.028567,0.041667,0.000000,17.000000
none,VSM,73,0.500000,0.250000,0.333333,0.304622,1.000000,0.566187,20.000000
none,VSM,74,0.000000,0.000000,0.000000,0.053210,0.062500,0.000000,6.000000
none,VSM,75,0.100000,0.200000,0.133333,0.135825,0.500000,0.147352,5.000000
none,VSM,76,0.100000,0.142857,0.117647,0.120929,0.500000,0.108546,7.000000
none,VSM,77,0.300000,0.500000,0.375000,0.439203,1.000000,0.187743,6.000000
none,VSM,78,0.300000,1.000000,0.461538,0.588889,0.500000,0.587018,3.000000
none,VSM,79,0.100000,0.200000,0.133333,0.099916,0.333333,0.241534,5.000000
none,VSM,80,0.000000,0.000000,0.000000,0.022547,0.030303,0.000000,4.000000
none,VSM,81,0.100000,0.500000,0.166667,0.097619,0.100000,0.277397,2.000000
none,VSM,82,0.300000,0.600000,0.400000,0.577420,1.000000,0.678716,5.000000
none,VSM,83,0.100000,0.250000,0.142857,0.058001,0.166667,0.139056,4.000000
none,VSM,84,0.200000,0.181818,0.190476,0.096894,0.166667,0.102024,11.000000
none,VSM,85,0.100000,0.250000,0.142857,0.073614,0.250000,0.058177,4.000000
none,VSM,86,0.200000,1.000000,0.333333,0.583333,0.500000,0.693426,2.000000
none,VSM,87,0.000000,0.000000,0.000000,0.010059,0.008475,0.000000,8.000000
none,VSM,88,0.600000,1.000000,0.750000,0.813492,1.000000,0.775365,6.000000
none,VSM,89,0.100000,0.166667,0.125000,0.291019,1.000000,0.496798,6.000000
none,VSM,90,0.400000,0.307692,0.347826,0.234442,0.500000,0.161666,13.000000
none,VSM,91,0.100000,0.111111,0.105263,0.140637,0.142857,0.134196,9.000000
none,VSM,92,0.600000,0.461538,0.521739,0.549715,1.000000,0.265406,13.000000
none,VSM,93,0.100000,1.000000,0.181818,0.500000,0.500000,0.630930,1.000000
none,VSM,94,0.500000,0.416667,0.454545,0.459555,1.000000,0.295775,12.000000
none,VSM,95,0.100000,0.500000,0.166667,0.166667,0.200000,0.024749,2.000000
none,VSM,96,0.500000,0.384615,0.434783,0.327811,0.500000,0.258651,13.000000
none,VSM,97,0.200000,0.200000,0.200000,0.143000,1.000000,0.282018,10.000000
none,VSM,98,0.000000,0.000000,0.000000,0.009183,0.017241,0.000000,5.000000
none,VSM,99,0.200000,0.500000,0.285714,0.168158,0.333333,0.307364,4.000000
none,VSM,100,0.200000,0.222222,0.210526,0.156550,0.250000,0.248706,9.000000
none,VSM,101,0.500000,0.833333,0.625000,0.504070,0.500000,0.610753,6.000000
none,VSM,102,0.200000,0.500000,0.285714,0.348015,1.000000,0.352058,4.000000
none,VSM,103,0.000000,0.000000,0.000000,0.039594,0.076923,0.000000,2.000000
none,VSM,104,0.200000,0.400000,0.266667,0.209337,0.250000,0.277273,5.000000
none,VSM,105,0.200000,0.400000,0.266667,0.376733,1.000000,0.707291,5.000000
none,VSM,106,0.100000,0.200000,0.133333,0.113438,0.111111,0.080559,5.000000
none,VSM,107,0.200000,0.285714,0.235294,0.349441,1.000000,0.354369,7.000000
none,VSM,108,0.600000,0.857143,0.705882,0.908163,1.000000,0.755293,7.000000
none,VSM,109,0.000000,0.000000,0.000000,0.020584,0.034483,0.000000,5.000000
none,VSM,110,0.000000,0.000000,0.000000,0.015223,0.012987,0.000000,4.000000
none,VSM,111,0.300000,0.428571,0.352941,0.257262,0.200000,0.296412,7.000000
none,VSM,112,0.100000,0.500000,0.166667,0.191667,0.333333,0.137706,2.000000
none,VSM,113,0.200000,0.500000,0.285714,0.514374,1.000000,0.636682,4.000000
none,VSM,114,0.000000,0.000000,0.000000,0.055700,0.076923,0.000000,4.000000
none,VSM,115,0.000000,0.000000,0.000000,0.018993,0.018519,0.000000,4.000000
none,VSM,116,0.100000,0.200000,0.133333,0.053686,0.166667,0.053240,5.000000
none,VSM,117,0.000000,0.000000,0.000000,0.024604,0.016949,0.000000,2.000000
none,VSM,118,0.100000,0.333333,0.153846,0.122619,0.100000,0.083442,3.000000
none,VSM,119,0.100000,1.000000,0.181818,0.250000,0.250000,0.430677,1.000000
none,VSM,120,0.400000,0.444444,0.421053,0.383733,0.500000,0.514443,9.000000
none,VSM,121,0.400000,0.571429,0.470588,0.494522,1.000000,0.474075,7.000000
none,VSM,122,0.200000,0.222222,0.210526,0.168115,0.200000,0.142537,9.000000
none,VSM,123,0.000000,0.000000,0.000000,0.035152,0.040000,0.000000,2.000000
none,VSM,124,0.000000,0.000000,0.000000,0.003442,0.004405,0.000000,4.000000
none,VSM,125,0.200000,0.117647,0.148148,0.148232,0.166667,0.171351,17.000000
none,VSM,126,0.200000,0.250000,0.222222,0.225258,1.000000,0.571145,8.000000
none,VSM,127,0.100000,0.200000,0.133333,0.062469,0.250000,0.094075,5.000000
none,VSM,128,0.000000,0.000000,0.000000,0.012804,0.016129,0.000000,2.000000
none,VSM,129,0.400000,0.571429,0.470588,0.459113,0.500000,0.543526,7.000000
none,VSM,130,0.300000,0.600000,0.400000,0.421067,1.000000,0.498175,5.000000
none,VSM,131,0.100000,0.125000,0.111111,0.240483,0.250000,0.169814,8.000000
none,VSM,132,0.700000,0.466667,0.560000,0.627211,0.500000,0.519914,15.000000
none,VSM,133,0.100000,0.142857,0.117647,0.219848,0.142857,0.197746,7.000000
none,VSM,134,0.000000,0.000000,0.000000,0.059524,0.047619,0.000000,2.000000
none,VSM,135,0.300000,0.375000,0.333333,0.470698,1.000000,0.099650,8.000000
none,VSM,136,0.100000,0.333333,0.153846,0.219335,0.500000,0.586696,3.000000
none,VSM,137,0.200000,0.500000,0.285714,0.162822,0.250000,0.196154,4.000000
none,VSM,138,0.000000,0.000000,0.000000,0.050000,0.090909,0.000000,2.000000
none,VSM,139,0.000000,0.000000,0.000000,0.006150,0.003846,0.000000,4.000000
none,VSM,140,0.100000,0.166667,0.125000,0.112723,0.500000,0.298343,6.000000
none,VSM,141,0.200000,0.333333,0.250000,0.235959,1.000000,0.515155,6.000000
none,VSM,142,0.000000,0.000000,0.000000,0.001277,0.001277,0.000000,1.000000
none,VSM,143,0.100000,0.500000,0.166667,0.100000,0.142857,0.204382,2.000000
none,VSM,144,0.500000,0.833333,0.625000,0.746429,1.000000,0.817999,6.000000
none,VSM,145,0.400000,0.571429,0.470588,0.489792,1.000000,0.596411,7.000000
none,VSM,146,0.200000,1.000000,0.333333,0.611111,1.000000,0.444891,2.000000
none,VSM,147,0.300000,0.300000,0.300000,0.292129,1.000000,0.425880,10.000000
none,VSM,148,0.300000,0.500000,0.375000,0.438753,1.000000,0.668174,6.000000
none,VSM,149,0.400000,0.363636,0.380952,0.331086,1.000000,0.447932,11.000000
none,VSM,150,0.200000,1.000000,0.333333,0.583333,0.500000,0.693426,2.000000
none,VSM,151,0.000000,0.000000,0.000000,0.015873,0.013514,0.000000,5.000000
none,VSM,152,0.100000,0.166667,0.125000,0.035574,0.166667,0.252015,6.000000
none,VSM,153,0.400000,0.571429,0.470588,0.245251,0.333333,0.352392,7.000000
none,VSM,154,0.200000,1.000000,0.333333,0.392857,0.500000,0.475230,2.000000
none,VSM,155,0.300000,0.500000,0.375000,0.411418,1.000000,0.251388,6.000000
none,VSM,156,0.600000,0.428571,0.500000,0.494263,1.000000,0.315167,14.000000
none,VSM,157,0.500000,0.128205,0.204082,0.290094,0.333333,0.259877,39.000000
none,VSM,158,0.100000,0.125000,0.111111,0.101646,0.250000,0.201038,8.000000
none,VSM,159,0.000000,0.000000,0.000000,0.037026,0.083333,0.000000,8.000000
none,VSM,160,0.100000,0.200000,0.133333,0.058780,0.166667,0.148207,5.000000
none,VSM,161,0.300000,0.500000,0.375000,0.447437,1.000000,0.789438,6.000000
none,VSM,162,0.300000,0.375000,0.333333,0.268585,1.000000,0.233792,8.000000
none,VSM,163,0.200000,0.666667,0.307692,0.223423,0.250000,0.383649,3.000000
none,VSM,164,0.300000,0.375000,0.333333,0.308162,0.500000,0.435849,8.000000
none,VSM,165,0.200000,1.000000,0.333333,0.309524,0.333333,0.510956,2.000000
none,VSM,166,0.000000,0.000000,0.000000,0.015676,0.032258,0.000000,8.000000
none,VSM,167,0.100000,0.500000,0.166667,0.107955,0.125000,0.248320,2.000000
none,VSM,168,0.100000,0.500000,0.166667,0.101248,0.200000,0.237198,2.000000
none,VSM,169,0.200000,0.500000,0.285714,0.188803,0.333333,0.346210,4.000000
none,VSM,170,0.500000,0.833333,0.625000,0.696378,1.000000,0.779889,6.000000
none,VSM,171,0.200000,0.666667,0.307692,0.479798,0.500000,0.679538,3.000000
none,VSM,172,0.400000,1.000000,0.571429,0.770833,1.000000,0.881596,4.000000
none,VSM,173,0.200000,1.000000,0.333333,0.583333,0.500000,0.693426,2.000000
none,VSM,174,0.000000,0.000000,0.000000,0.044342,0.071429,0.000000,5.000000
none,VSM,175,0.100000,0.200000,0.133333,0.066367,0.250000,0.173569,5.000000
none,VSM,176,0.100000,0.142857,0.117647,0.059283,0.125000,0.115452,7.000000
none,VSM,177,0.300000,0.600000,0.400000,0.553333,1.000000,0.460605,5.000000
none,VSM,178,0.200000,0.500000,0.285714,0.526515,1.000000,0.925746,4.000000
none,VSM,179,0.200000,0.500000,0.285714,0.169915,0.250000,0.319147,4.000000
none,VSM,180,0.300000,0.428571,0.352941,0.326426,0.500000,0.284015,7.000000
none,VSM,181,0.100000,0.200000,0.133333,0.121567,0.333333,0.086360,5.000000
none,VSM,182,0.200000,1.000000,0.333333,0.416667,0.500000,0.623495,2.000000
none,VSM,183,0.700000,0.538462,0.608696,0.538484,1.000000,0.634144,13.000000
none,VSM,184,0.200000,0.285714,0.235294,0.191681,0.500000,0.217239,7.000000
none,VSM,185,0.600000,0.666667,0.631579,0.721903,1.000000,0.707027,9.000000
none,VSM,186,0.300000,0.187500,0.230769,0.172282,1.000000,0.367921,16.000000
none,VSM,187,0.200000,0.333333,0.250000,0.129564,0.333333,0.257259,6.000000
none,VSM,188,0.400000,0.363636,0.380952,0.326119,1.000000,0.525587,11.000000
none,VSM,189,0.000000,0.000000,0.000000,0.078944,0.083333,0.000000,9.000000
none,VSM,190,0.300000,0.600000,0.400000,0.572059,1.000000,0.557596,5.000000
none,VSM,191,0.400000,0.307692,0.347826,0.365863,0.500000,0.109731,13.000000
none,VSM,192,0.200000,0.500000,0.285714,0.217424,0.333333,0.318341,4.000000
none,VSM,193,0.600000,0.666667,0.631579,0.702554,1.000000,0.475967,9.000000
none,VSM,194,0.200000,0.333333,0.250000,0.170657,0.333333,0.091992,6.000000
none,VSM,195,0.000000,0.000000,0.000000,0.038681,0.028571,0.000000,3.000000
none,VSM,196,0.200000,0.166667,0.181818,0.090448,0.250000,0.160607,12.000000
none,VSM,197,0.200000,0.666667,0.307692,0.743590,1.000000,0.713621,3.000000
none,VSM,198,0.200000,0.500000,0.285714,0.229219,0.250000,0.353067,4.000000
none,VSM,199,0.100000,0.125000,0.111111,0.062543,0.111111,0.051747,8.000000
none,VSM,200,0.100000,0.333333,0.153846,0.141733,0.333333,0.234639,3.000000
none,VSM,201,0.400000,0.250000,0.307692,0.284228,1.000000,0.557546,16.000000
none,VSM,202,0.200000,0.142857,0.166667,0.102460,0.500000,0.042889,14.000000
none,VSM,203,0.400000,0.285714,0.333333,0.177538,0.500000,0.440488,14.000000
none,VSM,204,0.000000,0.000000,0.000000,0.036529,0.071429,0.000000,14.000000
none,VSM,205,0.000000,0.000000,0.000000,0.017231,0.027027,0.000000,2.000000
none,VSM,206,0.200000,0.666667,0.307692,0.195926,0.250000,0.426445,3.000000
none,VSM,207,0.000000,0.000000,0.000000,0.059261,0.062500,0.000000,5.000000
none,VSM,208,0.500000,0.833333,0.625000,0.453704,0.500000,0.652699,6.000000
none,VSM,209,0.300000,0.250000,0.272727,0.118336,0.200000,0.128717,12.000000
none,VSM,210,0.200000,0.333333,0.250000,0.390730,1.000000,0.561789,6.000000
none,VSM,211,0.100000,0.090909,0.095238,0.151175,0.500000,0.037192,11.000000
none,VSM,212,0.500000,0.357143,0.416667,0.395026,0.500000,0.350121,14.000000
none,VSM,213,0.500000,0.454545,0.476190,0.495284,1.000000,0.765752,11.000000
none,VSM,214,0.100000,0.250000,0.142857,0.161687,0.500000,0.246302,4.000000
none,VSM,215,0.000000,0.000000,0.000000,0.014599,0.014493,0.000000,2.000000
none,VSM,216,0.000000,0.000000,0.000000,0.001866,0.001866,0.000000,1.000000
none,VSM,217,0.200000,0.133333,0.160000,0.148228,0.250000,0.277907,15.000000
none,VSM,218,0.000000,0.000000,0.000000,0.106447,0.090909,0.000000,15.000000
none,VSM,219,0.000000,0.000000,0.000000,0.031210,0.012048,0.000000,18.000000
none,VSM,220,0.100000,0.052632,0.068966,0.091824,0.200000,0.019194,19.000000
none,VSM,221,0.200000,0.111111,0.142857,0.088458,0.200000,0.065697,18.000000
none,VSM,222,0.300000,0.333333,0.315789,0.267767,0.500000,0.315183,9.000000
none,VSM,223,0.100000,0.250000,0.142857,0.201573,0.500000,0.246302,4.000000
none,VSM,224,0.000000,0.000000,0.000000,0.119687,0.062500,0.000000,8.000000
none,VSM,225,0.200000,0.083333,0.117647,0.051267,0.200000,0.065697,24.000000
none,BM25,1,0.500000,0.178571,0.263158,0.223606,1.000000,0.356412,28.000000
none,BM25,2,0.400000,0.166667,0.235294,0.177358,1.000000,0.625701,24.000000
none,BM25,3,0.400000,0.500000,0.444444,0.580844,1.000000,0.647940,8.000000
none,BM25,4,0.100000,0.500000,0.166667,0.590909,1.000000,0.613147,2.000000
none,BM25,5,0.100000,0.250000,0.142857,0.159219,0.250000,0.237018,4.000000
none,BM25,6,0.100000,0.250000,0.142857,0.149862,0.500000,0.161987,4.000000
none,BM25,7,0.200000,0.400000,0.266667,0.179287,0.333333,0.220397,5.000000
none,BM25,8,0.100000,0.090909,0.095238,0.155250,1.000000,0.306046,11.000000
none,BM25,9,0.300000,1.000000,0.461538,0.755556,1.000000,0.885460,3.000000
none,BM25,10,0.100000,0.125000,0.111111,0.118758,0.500000,0.102958,8.000000
none,BM25,11,0.100000,0.142857,0.117647,0.170639,0.500000,0.072014,7.000000
none,BM25,12,0.200000,0.400000,0.266667,0.212777,0.333333,0.214579,5.000000
none,BM25,13,0.000000,0.000000,0.000000,0.003007,0.002525,0.000000,4.000000
none,BM25,14,0.200000,1.000000,0.333333,0.750000,1.000000,0.987189,2.000000
none,BM25,15,0.200000,1.000000,0.333333,1.000000,1.000000,0.737826,2.000000
none,BM25,16,0.100000,0.333333,0.153846,0.249249,0.500000,0.182125,3.000000
none,BM25,17,0.100000,0.500000,0.166667,0.076993,0.125000,0.248320,2.000000
none,BM25,18,0.100000,0.333333,0.153846,0.117993,0.250000,0.202107,3.000000
none,BM25,19,0.100000,0.111111,0.105263,0.039246,0.142857,0.049865,9.000000
none,BM25,20,0.400000,0.444444,0.421053,0.400210,0.500000,0.450774,9.000000
none,BM25,21,0.100000,0.250000,0.142857,0.092843,0.166667,0.220712,4.000000
none,BM25,22,0.000000,0.000000,0.000000,0.001724,0.001724,0.000000,1.000000
none,BM25,23,0.100000,0.031250,0.047619,0.122155,1.000000,0.334431,32.000000
none,BM25,24,0.200000,0.666667,0.307692,0.282051,0.500000,0.534971,3.000000
none,BM25,25,0.500000,0.555556,0.526316,0.526659,1.000000,0.468915,9.000000
none,BM25,26,0.200000,0.333333,0.250000,0.316170,1.000000,0.621889,6.000000
none,BM25,27,0.100000,0.333333,0.153846,0.219414,0.500000,0.182125,3.000000
none,BM25,28,0.000000,0.000000,0.000000,0.001631,0.001585,0.000000,2.000000
none,BM25,29,0.400000,0.444444,0.421053,0.420813,1.000000,0.370759,9.000000
none,BM25,30,0.100000,0.142857,0.117647,0.080063,0.166667,0.132835,7.000000
none,BM25,31,0.000000,0.000000,0.000000,0.000863,0.000863,0.000000,1.000000
none,BM25,32,0.100000,0.166667,0.125000,0.063134,0.166667,0.028662,6.000000
none,BM25,33,0.300000,1.000000,0.461538,0.638889,0.500000,0.683286,3.000000
none,BM25,34,0.200000,0.333333,0.250000,0.230957,0.333333,0.121409,6.000000
none,BM25,35,0.000000,0.000000,0.000000,0.016601,0.018519,0.000000,3.000000
none,BM25,36,0.000000,0.000000,0.000000,0.035220,0.066667,0.000000,2.000000
none,BM25,37,0.200000,0.222222,0.210526,0.162093,0.200000,0.181151,9.000000
none,BM25,38,0.000000,0.000000,0.000000,0.060652,0.083333,0.000000,10.000000
none,BM25,39,0.300000,0.230769,0.260870,0.119437,0.250000,0.166774,13.000000
none,BM25,40,0.000000,0.000000,0.000000,0.032564,0.050000,0.000000,12.000000
none,BM25,41,0.300000,1.000000,0.461538,0.866667,1.000000,0.901851,3.000000
none,BM25,42,0.200000,0.400000,0.266667,0.167489,0.200000,0.302693,5.000000
none,BM25,43,0.500000,0.833333,0.625000,0.648709,1.000000,0.881254,6.000000
none,BM25,44,0.000000,0.000000,0.000000,0.002541,0.001531,0.000000,3.000000
none,BM25,45,0.200000,0.166667,0.181818,0.171906,1.000000,0.390346,12.000000
none,BM25,46,0.400000,0.266667,0.320000,0.325103,1.000000,0.547049,15.000000
none,BM25,47,0.500000,0.357143,0.416667,0.357086,0.333333,0.435585,14.000000
none,BM25,48,0.200000,0.181818,0.190476,0.174880,0.500000,0.223904,11.000000
none,BM25,49,0.100000,0.500000,0.166667,0.121795,0.166667,0.294311,2.000000
none,BM25,50,0.100000,0.166667,0.125000,0.029698,0.100000,0.154577,6.000000
none,BM25,51,0.300000,0.300000,0.300000,0.451933,1.000000,0.246107,10.000000
none,BM25,52,0.200000,0.500000,0.285714,0.321581,0.333333,0.424491,4.000000
none,BM25,53,0.200000,0.200000,0.200000,0.250996,1.000000,0.165150,10.000000
none,BM25,54,0.100000,0.111111,0.105263,0.145604,0.500000,0.284377,9.000000
none,BM25,55,0.300000,0.300000,0.300000,0.201727,0.333333,0.186444,10.000000
none,BM25,56,0.200000,0.200000,0.200000,0.190481,0.500000,0.150168,10.000000
none,BM25,57,0.100000,0.071429,0.083333,0.075572,0.142857,0.170730,14.000000
none,BM25,58,0.300000,0.333333,0.315789,0.123875,0.200000,0.295671,9.000000
none,BM25,59,0.100000,0.250000,0.142857,0.090554,0.142857,0.085581,4.000000
none,BM25,60,0.200000,0.400000,0.266667,0.357468,1.000000,0.306028,5.000000
none,BM25,61,0.200000,0.400000,0.266667,0.270648,0.500000,0.405368,5.000000
none,BM25,62,0.000000,0.000000,0.000000,0.026913,0.066667,0.000000,5.000000
none,BM25,63,0.000000,0.000000,0.000000,0.004823,0.004405,0.000000,3.000000
none,BM25,64,0.000000,0.000000,0.000000,0.038340,0.058824,0.000000,2.000000
none,BM25,65,0.500000,0.333333,0.400000,0.247957,0.500000,0.405892,15.000000
none,BM25,66,0.100000,0.200000,0.133333,0.103580,0.250000,0.196156,5.000000
none,BM25,67,0.600000,0.428571,0.500000,0.495254,1.000000,0.698041,14.000000
none,BM25,68,0.100000,0.200000,0.133333,0.136165,0.500000,0.343821,5.000000
none,BM25,69,0.000000,0.000000,0.000000,0.048864,0.062500,0.000000,5.000000
none,BM25,70,0.100000,0.100000,0.100000,0.094846,0.166667,0.079666,10.000000
none,BM25,71,0.100000,0.125000,0.111111,0.056256,0.166667,0.138698,8.000000
none,BM25,72,0.100000,0.058824,0.074074,0.029891,0.142857,0.111248,17.000000
none,BM25,73,0.500000,0.250000,0.333333,0.333082,1.000000,0.578468,20.000000
none,BM25,74,0.100000,0.166667,0.125000,0.069242,0.142857,0.165599,6.000000
none,BM25,75,0.100000,0.200000,0.133333,0.054047,0.166667,0.083191,5.000000
none,BM25,76,0.200000,0.285714,0.235294,0.225988,0.500000,0.339294,7.000000
none,BM25,77,0.400000,0.666667,0.500000,0.449745,1.000000,0.382643,6.000000
none,BM25,78,0.300000,1.000000,0.461538,0.722222,1.000000,0.728257,3.000000
none,BM25,79,0.100000,0.200000,0.133333,0.054901,0.200000,0.186876,5.000000
none,BM25,80,0.000000,0.000000,0.000000,0.007664,0.006579,0.000000,4.000000
none,BM25,81,0.200000,1.000000,0.333333,0.333333,0.333333,0.373817,2.000000
none,BM25,82,0.300000,0.600000,0.400000,0.410878,1.000000,0.691346,5.000000
none,BM25,83,0.100000,0.250000,0.142857,0.072112,0.166667,0.139056,4.000000
none,BM25,84,0.400000,0.363636,0.380952,0.373793,1.000000,0.300082,11.000000
none,BM25,85,0.100000,0.250000,0.142857,0.040126,0.111111,0.040664,4.000000
none,BM25,86,0.200000,1.000000,0.333333,0.583333,0.500000,0.693426,2.000000
none,BM25,87,0.000000,0.000000,0.000000,0.009521,0.004255,0.000000,8.000000
none,BM25,88,0.600000,1.000000,0.750000,0.649603,0.500000,0.659825,6.000000
none,BM25,89,0.200000,0.333333,0.250000,0.260308,0.333333,0.340096,6.000000
none,BM25,90,0.300000,0.230769,0.260870,0.232390,0.500000,0.165280,13.000000
none,BM25,91,0.300000,0.333333,0.315789,0.363367,1.000000,0.506169,9.000000
none,BM25,92,0.600000,0.461538,0.521739,0.455065,0.500000,0.229390,13.000000
none,BM25,93,0.100000,1.000000,0.181818,0.500000,0.500000,0.630930,1.000000
none,BM25,94,0.600000,0.500000,0.545455,0.578056,1.000000,0.312512,12.000000
none,BM25,95,0.200000,1.000000,0.333333,0.500000,0.500000,0.453657,2.000000
none,BM25,96,0.500000,0.384615,0.434783,0.409748,0.500000,0.338425,13.000000
none,BM25,97,0.200000,0.200000,0.200000,0.075206,0.333333,0.151365,10.000000
none,BM25,98,0.100000,0.200000,0.133333,0.029290,0.111111,0.033640,5.000000
none,BM25,99,0.100000,0.250000,0.142857,0.060604,0.100000,0.142411,4.000000
none,BM25,100,0.300000,0.333333,0.315789,0.289027,1.000000,0.502767,9.000000
none,BM25,101,0.500000,0.833333,0.625000,0.706667,1.000000,0.787997,6.000000
none,BM25,102,0.100000,0.250000,0.142857,0.323096,1.000000,0.140534,4.000000
none,BM25,103,0.000000,0.000000,0.000000,0.032453,0.062500,0.000000,2.000000
none,BM25,104,0.200000,0.400000,0.266667,0.126910,0.200000,0.244258,5.000000
none,BM25,105,0.200000,0.400000,0.266667,0.394695,1.000000,0.707291,5.000000
none,BM25,106,0.300000,0.600000,0.400000,0.231548,0.250000,0.350085,5.000000
none,BM25,107,0.200000,0.285714,0.235294,0.253915,0.500000,0.321657,7.000000
none,BM25,108,0.600000,0.857143,0.705882,0.828571,1.000000,0.732915,7.000000
none,BM25,109,0.000000,0.000000,0.000000,0.029918,0.052632,0.000000,5.000000
none,BM25,110,0.000000,0.000000,0.000000,0.015548,0.011628,0.000000,4.000000
none,BM25,111,0.200000,0.285714,0.235294,0.221256,0.250000,0.126177,7.000000
none,BM25,112,0.100000,0.500000,0.166667,0.316667,0.500000,0.173765,2.000000
none,BM25,113,0.200000,0.500000,0.285714,0.344281,1.000000,0.520507,4.000000
none,BM25,114,0.000000,0.000000,0.000000,0.041837,0.083333,0.000000,4.000000
none,BM25,115,0.000000,0.000000,0.000000,0.042596,0.032258,0.000000,4.000000
none,BM25,116,0.100000,0.200000,0.133333,0.066312,0.250000,0.064371,5.000000
none,BM25,117,0.000000,0.000000,0.000000,0.033472,0.024390,0.000000,2.000000
none,BM25,118,0.200000,0.666667,0.307692,0.678571,1.000000,0.713621,3.000000
none,BM25,119,0.100000,1.000000,0.181818,1.000000,1.000000,1.000000,1.000000
none,BM25,120,0.500000,0.555556,0.526316,0.436821,0.500000,0.553782,9.000000
none,BM25,121,0.400000,0.571429,0.470588,0.502178,0.500000,0.496721,7.000000
none,BM25,122,0.100000,0.111111,0.105263,0.142618,0.166667,0.016874,9.000000
none,BM25,123,0.000000,0.000000,0.000000,0.031002,0.025641,0.000000,2.000000
none,BM25,124,0.000000,0.000000,0.000000,0.003616,0.005051,0.000000,4.000000
none,BM25,125,0.300000,0.176471,0.222222,0.266651,1.000000,0.410242,17.000000
none,BM25,126,0.200000,0.250000,0.222222,0.222373,1.000000,0.571145,8.000000
none,BM25,127,0.100000,0.200000,0.133333,0.146914,0.500000,0.137817,5.000000
none,BM25,128,0.000000,0.000000,0.000000,0.018918,0.025641,0.000000,2.000000
none,BM25,129,0.400000,0.571429,0.470588,0.431746,0.500000,0.543526,7.000000
none,BM25,130,0.400000,0.800000,0.533333,0.554705,1.000000,0.634809,5.000000
none,BM25,131,0.400000,0.500000,0.444444,0.240474,0.250000,0.295733,8.000000
none,BM25,132,0.700000,0.466667,0.560000,0.565808,0.333333,0.279516,15.000000
none,BM25,133,0.100000,0.142857,0.117647,0.246981,0.200000,0.229496,7.000000
none,BM25,134,0.100000,0.500000,0.166667,0.133333,0.166667,0.120167,2.000000
none,BM25,135,0.400000,0.500000,0.444444,0.502507,1.000000,0.114355,8.000000
none,BM25,136,0.100000,0.333333,0.153846,0.412458,1.000000,0.929891,3.000000
none,BM25,137,0.200000,0.500000,0.285714,0.188358,0.250000,0.209895,4.000000
none,BM25,138,0.100000,0.500000,0.166667,0.131667,0.250000,0.264068,2.000000
none,BM25,139,0.000000,0.000000,0.000000,0.004743,0.003135,0.000000,4.000000
none,BM25,140,0.100000,0.166667,0.125000,0.109844,0.500000,0.298343,6.000000
none,BM25,141,0.200000,0.333333,0.250000,0.303352,1.000000,0.542484,6.000000
none,BM25,142,0.000000,0.000000,0.000000,0.001344,0.001344,0.000000,1.000000
none,BM25,143,0.100000,0.500000,0.166667,0.571429,1.000000,0.613147,2.000000
none,BM25,144,0.500000,0.833333,0.625000,0.562761,0.500000,0.596767,6.000000
none,BM25,145,0.400000,0.571429,0.470588,0.409300,0.500000,0.567939,7.000000
none,BM25,146,0.200000,1.000000,0.333333,0.666667,1.000000,0.493886,2.000000
none,BM25,147,0.400000,0.400000,0.400000,0.261893,0.500000,0.423404,10.000000
none,BM25,148,0.200000,0.333333,0.250000,0.222307,0.500000,0.403046,6.000000
none,BM25,149,0.500000,0.454545,0.476190,0.354159,1.000000,0.511651,11.000000
none,BM25,150,0.200000,1.000000,0.333333,0.583333,0.500000,0.693426,2.000000
none,BM25,151,0.000000,0.000000,0.000000,0.021251,0.025000,0.000000,5.000000
none,BM25,152,0.100000,0.166667,0.125000,0.031879,0.125000,0.223190,6.000000
none,BM25,153,0.300000,0.428571,0.352941,0.316946,0.500000,0.322269,7.000000
none,BM25,154,0.200000,1.000000,0.333333,0.625000,1.000000,0.585672,2.000000
none,BM25,155,0.200000,0.333333,0.250000,0.248823,1.000000,0.138631,6.000000
none,BM25,156,0.600000,0.428571,0.500000,0.488493,1.000000,0.328734,14.000000
none,BM25,157,0.600000,0.153846,0.244898,0.278792,0.500000,0.399307,39.000000
none,BM25,158,0.300000,0.375000,0.333333,0.276784,1.000000,0.602702,8.000000
none,BM25,159,0.100000,0.125000,0.111111,0.053806,0.250000,0.122319,8.000000
none,BM25,160,0.100000,0.200000,0.133333,0.053077,0.142857,0.138690,5.000000
none,BM25,161,0.300000,0.500000,0.375000,0.448942,1.000000,0.789438,6.000000
none,BM25,162,0.200000,0.250000,0.222222,0.252490,1.000000,0.204805,8.000000
none,BM25,163,0.200000,0.666667,0.307692,0.287393,0.333333,0.436747,3.000000
none,BM25,164,0.400000,0.500000,0.444444,0.437792,1.000000,0.666117,8.000000
none,BM25,165,0.200000,1.000000,0.333333,0.450000,0.500000,0.624051,2.000000
none,BM25,166,0.000000,0.000000,0.000000,0.028753,0.083333,0.000000,8.000000
none,BM25,167,0.200000,1.000000,0.333333,0.333333,0.333333,0.513744,2.000000
none,BM25,168,0.100000,0.500000,0.166667,0.072812,0.142857,0.204382,2.000000
none,BM25,169,0.200000,0.500000,0.285714,0.294475,0.500000,0.441492,4.000000
none,BM25,170,0.400000,0.666667,0.500000,0.565942,1.000000,0.676765,6.000000
none,BM25,171,0.300000,1.000000,0.461538,0.638889,0.500000,0.696790,3.000000
none,BM25,172,0.400000,1.000000,0.571429,0.804167,1.000000,0.884969,4.000000
none,BM25,173,0.200000,1.000000,0.333333,1.000000,1.000000,1.000000,2.000000
none,BM25,174,0.100000,0.200000,0.133333,0.046011,0.100000,0.122604,5.000000
none,BM25,175,0.100000,0.200000,0.133333,0.064071,0.250000,0.173569,5.000000
none,BM25,176,0.100000,0.142857,0.117647,0.066958,0.250000,0.157616,7.000000
none,BM25,177,0.300000,0.600000,0.400000,0.466032,0.500000,0.522389,5.000000
none,BM25,178,0.300000,0.750000,0.428571,0.325000,0.333333,0.491153,4.000000
none,BM25,179,0.200000,0.500000,0.285714,0.217963,0.333333,0.363318,4.000000
none,BM25,180,0.300000,0.428571,0.352941,0.341669,0.500000,0.300826,7.000000
none,BM25,181,0.200000,0.400000,0.266667,0.306656,1.000000,0.328628,5.000000
none,BM25,182,0.200000,1.000000,0.333333,0.500000,0.500000,0.636720,2.000000
none,BM25,183,0.500000,0.384615,0.434783,0.381644,1.000000,0.614962,13.000000
none,BM25,184,0.200000,0.285714,0.235294,0.144564,0.166667,0.133659,7.000000
none,BM25,185,0.600000,0.666667,0.631579,0.810969,1.000000,0.810368,9.000000
none,BM25,186,0.400000,0.250000,0.307692,0.170060,0.500000,0.371835,16.000000
none,BM25,187,0.100000,0.166667,0.125000,0.122612,0.500000,0.205703,6.000000
none,BM25,188,0.300000,0.272727,0.285714,0.275205,1.000000,0.464899,11.000000
none,BM25,189,0.200000,0.222222,0.210526,0.152116,0.500000,0.139849,9.000000
none,BM25,190,0.200000,0.400000,0.266667,0.366431,1.000000,0.311020,5.000000
none,BM25,191,0.300000,0.230769,0.260870,0.329225,0.250000,0.085960,13.000000
none,BM25,192,0.300000,0.750000,0.428571,0.270200,0.333333,0.463726,4.000000
none,BM25,193,0.700000,0.777778,0.736842,0.712853,1.000000,0.614533,9.000000
none,BM25,194,0.200000,0.333333,0.250000,0.314101,0.500000,0.236567,6.000000
none,BM25,195,0.100000,0.333333,0.153846,0.081123,0.166667,0.167160,3.000000
none,BM25,196,0.200000,0.166667,0.181818,0.082136,0.200000,0.145842,12.000000
none,BM25,197,0.200000,0.666667,0.307692,0.460317,0.500000,0.569290,3.000000
none,BM25,198,0.200000,0.500000,0.285714,0.383086,1.000000,0.490260,4.000000
none,BM25,199,0.000000,0.000000,0.000000,0.053908,0.062500,0.000000,8.000000
none,BM25,200,0.200000,0.666667,0.307692,0.266736,0.500000,0.452508,3.000000
none,BM25,201,0.500000,0.312500,0.384615,0.322826,1.000000,0.602169,16.000000
none,BM25,202,0.300000,0.214286,0.250000,0.147847,0.500000,0.064894,14.000000
none,BM25,203,0.400000,0.285714,0.333333,0.204688,0.500000,0.475650,14.000000
none,BM25,204,0.100000,0.071429,0.083333,0.044344,0.111111,0.130151,14.000000
none,BM25,205,0.000000,0.000000,0.000000,0.036550,0.055556,0.000000,2.000000
none,BM25,206,0.200000,0.666667,0.307692,0.391198,0.500000,0.612898,3.000000
none,BM25,207,0.100000,0.200000,0.133333,0.085608,0.142857,0.068515,5.000000
none,BM25,208,0.500000,0.833333,0.625000,0.572293,0.500000,0.700458,6.000000
none,BM25,209,0.300000,0.250000,0.272727,0.161566,0.500000,0.175870,12.000000
none,BM25,210,0.300000,0.500000,0.375000,0.363696,1.000000,0.558054,6.000000
none,BM25,211,0.100000,0.090909,0.095238,0.166892,0.500000,0.037192,11.000000
none,BM25,212,0.500000,0.357143,0.416667,0.511538,1.000000,0.446264,14.000000
none,BM25,213,0.600000,0.545455,0.571429,0.604683,1.000000,0.786814,11.000000
none,BM25,214,0.100000,0.250000,0.142857,0.151392,0.500000,0.246302,4.000000
none,BM25,215,0.000000,0.000000,0.000000,0.027390,0.031250,0.000000,2.000000
none,BM25,216,0.000000,0.000000,0.000000,0.001992,0.001992,0.000000,1.000000
none,BM25,217,0.300000,0.200000,0.240000,0.182610,0.500000,0.383856,15.000000
none,BM25,218,0.200000,0.133333,0.160000,0.198201,0.500000,0.265557,15.000000
none,BM25,219,0.000000,0.000000,0.000000,0.032662,0.027778,0.000000,18.000000
none,BM25,220,0.200000,0.105263,0.137931,0.183372,0.500000,0.118723,19.000000
none,BM25,221,0.300000,0.166667,0.214286,0.211902,1.000000,0.216302,18.000000
none,BM25,222,0.400000,0.444444,0.421053,0.363696,0.500000,0.477311,9.000000
none,BM25,223,0.200000,0.500000,0.285714,0.433333,1.000000,0.541400,4.000000
none,BM25,224,0.200000,0.250000,0.222222,0.182229,0.125000,0.108514,8.000000
none,BM25,225,0.300000,0.125000,0.176471,0.077843,0.500000,0.120007,24.000000
stop,VSM,1,0.500000,0.178571,0.263158,0.234273,1.000000,0.361995,28.000000
stop,VSM,2,0.500000,0.208333,0.294118,0.193179,1.000000,0.641644,24.000000
stop,VSM,3,0.600000,0.750000,0.666667,0.628698,1.000000,0.772231,8.000000
stop,VSM,4,0.100000,0.500000,0.166667,0.590909,1.000000,0.613147,2.000000
stop,VSM,5,0.100000,0.250000,0.142857,0.137767,0.166667,0.196034,4.000000
stop,VSM,6,0.100000,0.250000,0.142857,0.085413,0.250000,0.110573,4.000000
stop,VSM,7,0.200000,0.400000,0.266667,0.138383,0.250000,0.195553,5.000000
stop,VSM,8,0.100000,0.090909,0.095238,0.071970,0.125000,0.096547,11.000000
stop,VSM,9,0.300000,1.000000,0.461538,0.700000,1.000000,0.852928,3.000000
stop,VSM,10,0.200000,0.250000,0.222222,0.095798,0.200000,0.201694,8.000000
stop,VSM,11,0.100000,0.142857,0.117647,0.139530,0.500000,0.072014,7.000000
stop,VSM,12,0.200000,0.400000,0.266667,0.244731,0.333333,0.212186,5.000000
stop,VSM,13,0.000000,0.000000,0.000000,0.008600,0.005495,0.000000,4.000000
stop,VSM,14,0.200000,1.000000,0.333333,0.666667,1.000000,0.982424,2.000000
stop,VSM,15,0.200000,1.000000,0.333333,0.833333,1.000000,0.621567,2.000000
stop,VSM,16,0.100000,0.333333,0.153846,0.178852,0.500000,0.182125,3.000000
stop,VSM,17,0.100000,0.500000,0.166667,0.516393,1.000000,0.787155,2.000000
stop,VSM,18,0.100000,0.333333,0.153846,0.140079,0.333333,0.234639,3.000000
stop,VSM,19,0.000000,0.000000,0.000000,0.015882,0.025000,0.000000,9.000000
stop,VSM,20,0.500000,0.555556,0.526316,0.505159,0.500000,0.486746,9.000000
stop,VSM,21,0.200000,0.500000,0.285714,0.158239,0.333333,0.393392,4.000000
stop,VSM,22,0.000000,0.000000,0.000000,0.001859,0.001859,0.000000,1.000000
stop,VSM,23,0.300000,0.093750,0.142857,0.148749,0.500000,0.311708,32.000000
stop,VSM,24,0.200000,0.666667,0.307692,0.557887,1.000000,0.812913,3.000000
stop,VSM,25,0.400000,0.444444,0.421053,0.495828,1.000000,0.424850,9.000000
stop,VSM,26,0.200000,0.333333,0.250000,0.161998,0.250000,0.326236,6.000000
stop,VSM,27,0.100000,0.333333,0.153846,0.112670,0.142857,0.224515,3.000000
stop,VSM,28,0.000000,0.000000,0.000000,0.002359,0.002268,0.000000,2.000000
stop,VSM,29,0.500000,0.555556,0.526316,0.515950,1.000000,0.554754,9.000000
stop,VSM,30,0.100000,0.142857,0.117647,0.059943,0.111111,0.048111,7.000000
stop,VSM,31,0.000000,0.000000,0.000000,0.001030,0.001030,0.000000,1.000000
stop,VSM,32,0.100000,0.166667,0.125000,0.039027,0.111111,0.024222,6.000000
stop,VSM,33,0.300000,1.000000,0.461538,0.588889,0.500000,0.700870,3.000000
stop,VSM,34,0.100000,0.166667,0.125000,0.131994,0.125000,0.043187,6.000000
stop,VSM,35,0.000000,0.000000,0.000000,0.032010,0.045455,0.000000,3.000000
stop,VSM,36,0.000000,0.000000,0.000000,0.027008,0.050000,0.000000,2.000000
stop,VSM,37,0.100000,0.111111,0.105263,0.143366,0.142857,0.051848,9.000000
stop,VSM,38,0.000000,0.000000,0.000000,0.034165,0.050000,0.000000,10.000000
stop,VSM,39,0.200000,0.153846,0.173913,0.185435,1.000000,0.109144,13.000000
stop,VSM,40,0.000000,0.000000,0.000000,0.028269,0.027778,0.000000,12.000000
stop,VSM,41,0.300000,1.000000,0.461538,0.809524,1.000000,0.873142,3.000000
stop,VSM,42,0.200000,0.400000,0.266667,0.118842,0.166667,0.271452,5.000000
stop,VSM,43,0.400000,0.666667,0.500000,0.464594,1.000000,0.762128,6.000000
stop,VSM,44,0.000000,0.000000,0.000000,0.002649,0.001466,0.000000,3.000000
stop,VSM,45,0.100000,0.083333,0.090909,0.131268,0.500000,0.219134,12.000000
stop,VSM,46,0.300000,0.200000,0.240000,0.288477,1.000000,0.483503,15.000000
stop,VSM,47,0.400000,0.285714,0.333333,0.253240,0.333333,0.309825,14.000000
stop,VSM,48,0.200000,0.181818,0.190476,0.191827,1.000000,0.268505,11.000000
stop,VSM,49,0.100000,0.500000,0.166667,0.285714,0.500000,0.521296,2.000000
stop,VSM,50,0.100000,0.166667,0.125000,0.069088,0.333333,0.267375,6.000000
stop,VSM,51,0.400000,0.400000,0.400000,0.386069,1.000000,0.248967,10.000000
stop,VSM,52,0.300000,0.750000,0.428571,0.570076,0.500000,0.465601,4.000000
stop,VSM,53,0.300000,0.300000,0.300000,0.280951,1.000000,0.220327,10.000000
stop,VSM,54,0.100000,0.111111,0.105263,0.073811,0.125000,0.142188,9.000000
stop,VSM,55,0.300000,0.300000,0.300000,0.220777,1.000000,0.336997,10.000000
stop,VSM,56,0.000000,0.000000,0.000000,0.093989,0.083333,0.000000,10.000000
stop,VSM,57,0.100000,0.071429,0.083333,0.068840,0.111111,0.154185,14.000000
stop,VSM,58,0.200000,0.222222,0.210526,0.115640,0.200000,0.273142,9.000000
stop,VSM,59,0.100000,0.250000,0.142857,0.092739,0.250000,0.110573,4.000000
stop,VSM,60,0.200000,0.400000,0.266667,0.459010,1.000000,0.312212,5.000000
stop,VSM,61,0.200000,0.400000,0.266667,0.200367,0.333333,0.319317,5.000000
stop,VSM,62,0.000000,0.000000,0.000000,0.028984,0.062500,0.000000,5.000000
stop,VSM,63,0.000000,0.000000,0.000000,0.007916,0.005587,0.000000,3.000000
stop,VSM,64,0.100000,0.500000,0.166667,0.590909,1.000000,0.772538,2.000000
stop,VSM,65,0.500000,0.333333,0.400000,0.313823,1.000000,0.505596,15.000000
stop,VSM,66,0.200000,0.400000,0.266667,0.170132,0.333333,0.389968,5.000000
stop,VSM,67,0.600000,0.428571,0.500000,0.581973,1.000000,0.622308,14.000000
stop,VSM,68,0.200000,0.400000,0.266667,0.123624,0.333333,0.339982,5.000000
stop,VSM,69,0.000000,0.000000,0.000000,0.023273,0.019608,0.000000,5.000000
stop,VSM,70,0.000000,0.000000,0.000000,0.052724,0.047619,0.000000,10.000000
stop,VSM,71,0.000000,0.000000,0.000000,0.037056,0.050000,0.000000,8.000000
stop,VSM,72,0.000000,0.000000,0.000000,0.037327,0.066667,0.000000,17.000000
stop,VSM,73,0.500000,0.250000,0.333333,0.298556,1.000000,0.563380,20.000000
stop,VSM,74,0.000000,0.000000,0.000000,0.059351,0.062500,0.000000,6.000000
stop,VSM,75,0.100000,0.200000,0.133333,0.136809,0.500000,0.147352,5.000000
stop,VSM,76,0.100000,0.142857,0.117647,0.108560,0.500000,0.108546,7.000000
stop,VSM,77,0.200000,0.333333,0.250000,0.417860,1.000000,0.160929,6.000000
stop,VSM,78,0.300000,1.000000,0.461538,0.588889,0.500000,0.587018,3.000000
stop,VSM,79,0.100000,0.200000,0.133333,0.088903,0.250000,0.208046,5.000000
stop,VSM,80,0.000000,0.000000,0.000000,0.023931,0.032258,0.000000,4.000000
stop,VSM,81,0.100000,0.500000,0.166667,0.121324,0.125000,0.302731,2.000000
stop,VSM,82,0.300000,0.600000,0.400000,0.500471,1.000000,0.634380,5.000000
stop,VSM,83,0.100000,0.250000,0.142857,0.068898,0.200000,0.151020,4.000000
stop,VSM,84,0.200000,0.181818,0.190476,0.097650,0.111111,0.093300,11.000000
stop,VSM,85,0.100000,0.250000,0.142857,0.075138,0.250000,0.058177,4.000000
stop,VSM,86,0.200000,1.000000,0.333333,0.500000,0.500000,0.650921,2.000000
stop,VSM,87,0.000000,0.000000,0.000000,0.007774,0.008000,0.000000,8.000000
stop,VSM,88,0.400000,0.666667,0.500000,0.679976,1.000000,0.448904,6.000000
stop,VSM,89,0.200000,0.333333,0.250000,0.282977,1.000000,0.558343,6.000000
stop,VSM,90,0.400000,0.307692,0.347826,0.236202,0.500000,0.161666,13.000000
stop,VSM,91,0.100000,0.111111,0.105263,0.150366,0.166667,0.143404,9.000000
stop,VSM,92,0.700000,0.538462,0.608696,0.558859,1.000000,0.314639,13.000000
stop,VSM,93,0.100000,1.000000,0.181818,0.500000,0.500000,0.630930,1.000000
stop,VSM,94,0.500000,0.416667,0.454545,0.483761,1.000000,0.296951,12.000000
stop,VSM,95,0.100000,0.500000,0.166667,0.201923,0.250000,0.027553,2.000000
stop,VSM,96,0.500000,0.384615,0.434783,0.335042,0.500000,0.263801,13.000000
stop,VSM,97,0.200000,0.200000,0.200000,0.147077,1.000000,0.283954,10.000000
stop,VSM,98,0.000000,0.000000,0.000000,0.011613,0.021739,0.000000,5.000000
stop,VSM,99,0.200000,0.500000,0.285714,0.253318,0.500000,0.386045,4.000000
stop,VSM,100,0.300000,0.333333,0.315789,0.194211,0.333333,0.322375,9.000000
stop,VSM,101,0.500000,0.833333,0.625000,0.517183,0.500000,0.612901,6.000000
stop,VSM,102,0.200000,0.500000,0.285714,0.350652,1.000000,0.352058,4.000000
stop,VSM,103,0.000000,0.000000,0.000000,0.042694,0.083333,0.000000,2.000000
stop,VSM,104,0.300000,0.600000,0.400000,0.206902,0.250000,0.364919,5.000000
stop,VSM,105,0.200000,0.400000,0.266667,0.381046,1.000000,0.707291,5.000000
stop,VSM,106,0.100000,0.200000,0.133333,0.114226,0.100000,0.077357,5.000000
stop,VSM,107,0.200000,0.285714,0.235294,0.352760,1.000000,0.354369,7.000000
stop,VSM,108,0.600000,0.857143,0.705882,0.874542,1.000000,0.726780,7.000000
stop,VSM,109,0.000000,0.000000,0.000000,0.022944,0.038462,0.000000,5.000000
stop,VSM,110,0.000000,0.000000,0.000000,0.016265,0.015152,0.000000,4.000000
stop,VSM,111,0.400000,0.571429,0.470588,0.273315,0.200000,0.350829,7.000000
stop,VSM,112,0.100000,0.500000,0.166667,0.196970,0.333333,0.137706,2.000000
stop,VSM,113,0.200000,0.500000,0.285714,0.516034,1.000000,0.636682,4.000000
stop,VSM,114,0.000000,0.000000,0.000000,0.051609,0.090909,0.000000,4.000000
stop,VSM,115,0.000000,0.000000,0.000000,0.017789,0.016949,0.000000,4.000000
stop,VSM,116,0.100000,0.200000,0.133333,0.054964,0.166667,0.053240,5.000000
stop,VSM,117,0.000000,0.000000,0.000000,0.033777,0.025000,0.000000,2.000000
stop,VSM,118,0.100000,0.333333,0.153846,0.122619,0.100000,0.083442,3.000000
stop,VSM,119,0.100000,1.000000,0.181818,0.250000,0.250000,0.430677,1.000000
stop,VSM,120,0.400000,0.444444,0.421053,0.387571,0.500000,0.514443,9.000000
stop,VSM,121,0.400000,0.571429,0.470588,0.475992,1.000000,0.458128,7.000000
stop,VSM,122,0.300000,0.333333,0.315789,0.271736,0.333333,0.199065,9.000000
stop,VSM,123,0.000000,0.000000,0.000000,0.044231,0.050000,0.000000,2.000000
stop,VSM,124,0.000000,0.000000,0.000000,0.004648,0.007407,0.000000,4.000000
stop,VSM,125,0.200000,0.117647,0.148148,0.149182,0.166667,0.171351,17.000000
stop,VSM,126,0.200000,0.250000,0.222222,0.223811,1.000000,0.571145,8.000000
stop,VSM,127,0.100000,0.200000,0.133333,0.063280,0.250000,0.094075,5.000000
stop,VSM,128,0.000000,0.000000,0.000000,0.012607,0.014286,0.000000,2.000000
stop,VSM,129,0.400000,0.571429,0.470588,0.464986,0.500000,0.543526,7.000000
stop,VSM,130,0.300000,0.600000,0.400000,0.412953,1.000000,0.498175,5.000000
stop,VSM,131,0.200000,0.250000,0.222222,0.250566,0.250000,0.218661,8.000000
stop,VSM,132,0.700000,0.466667,0.560000,0.628910,0.500000,0.519914,15.000000
stop,VSM,133,0.100000,0.142857,0.117647,0.221079,0.142857,0.197746,7.000000
stop,VSM,134,0.000000,0.000000,0.000000,0.058292,0.047619,0.000000,2.000000
stop,VSM,135,0.300000,0.375000,0.333333,0.468140,1.000000,0.099650,8.000000
stop,VSM,136,0.100000,0.333333,0.153846,0.227816,0.500000,0.586696,3.000000
stop,VSM,137,0.200000,0.500000,0.285714,0.163214,0.250000,0.196154,4.000000
stop,VSM,138,0.000000,0.000000,0.000000,0.045904,0.083333,0.000000,2.000000
stop,VSM,139,0.000000,0.000000,0.000000,0.006859,0.003774,0.000000,4.000000
stop,VSM,140,0.100000,0.166667,0.125000,0.117094,0.500000,0.298343,6.000000
stop,VSM,141,0.200000,0.333333,0.250000,0.260083,1.000000,0.526786,6.000000
stop,VSM,142,0.000000,0.000000,0.000000,0.001664,0.001664,0.000000,1.000000
stop,VSM,143,0.100000,0.500000,0.166667,0.116667,0.166667,0.218407,2.000000
stop,VSM,144,0.500000,0.833333,0.625000,0.751923,1.000000,0.817999,6.000000
stop,VSM,145,0.400000,0.571429,0.470588,0.491870,1.000000,0.596411,7.000000
stop,VSM,146,0.200000,1.000000,0.333333,0.611111,1.000000,0.444891,2.000000
stop,VSM,147,0.300000,0.300000,0.300000,0.301072,1.000000,0.431015,10.000000
stop,VSM,148,0.300000,0.500000,0.375000,0.440148,1.000000,0.668174,6.000000
stop,VSM,149,0.400000,0.363636,0.380952,0.353043,1.000000,0.457675,11.000000
stop,VSM,150,0.200000,1.000000,0.333333,0.583333,0.500000,0.693426,2.000000
stop,VSM,151,0.000000,0.000000,0.000000,0.017661,0.015873,0.000000,5.000000
stop,VSM,152,0.100000,0.166667,0.125000,0.096399,0.500000,0.446379,6.000000
stop,VSM,153,0.400000,0.571429,0.470588,0.255596,0.333333,0.352392,7.000000
stop,VSM,154,0.200000,1.000000,0.333333,0.392857,0.500000,0.475230,2.000000
stop,VSM,155,0.300000,0.500000,0.375000,0.438043,1.000000,0.267179,6.000000
stop,VSM,156,0.600000,0.428571,0.500000,0.501672,1.000000,0.326746,14.000000
stop,VSM,157,0.500000,0.128205,0.204082,0.279247,0.333333,0.315426,39.000000
stop,VSM,158,0.200000,0.250000,0.222222,0.247027,1.000000,0.497916,8.000000
stop,VSM,159,0.000000,0.000000,0.000000,0.039488,0.083333,0.000000,8.000000
stop,VSM,160,0.100000,0.200000,0.133333,0.060998,0.166667,0.148207,5.000000
stop,VSM,161,0.300000,0.500000,0.375000,0.431604,1.000000,0.787388,6.000000
stop,VSM,162,0.300000,0.375000,0.333333,0.276849,1.000000,0.233792,8.000000
stop,VSM,163,0.200000,0.666667,0.307692,0.225287,0.250000,0.383649,3.000000
stop,VSM,164,0.300000,0.375000,0.333333,0.322511,0.500000,0.435849,8.000000
stop,VSM,165,0.200000,1.000000,0.333333,0.375000,0.500000,0.580279,2.000000
stop,VSM,166,0.000000,0.000000,0.000000,0.018265,0.043478,0.000000,8.000000
stop,VSM,167,0.100000,0.500000,0.166667,0.105978,0.125000,0.248320,2.000000
stop,VSM,168,0.100000,0.500000,0.166667,0.126259,0.250000,0.264068,2.000000
stop,VSM,169,0.200000,0.500000,0.285714,0.170805,0.250000,0.319147,4.000000
stop,VSM,170,0.500000,0.833333,0.625000,0.709609,1.000000,0.782524,6.000000
stop,VSM,171,0.300000,1.000000,0.461538,0.488889,0.500000,0.691117,3.000000
stop,VSM,172,0.400000,1.000000,0.571429,0.747024,1.000000,0.879079,4.000000
stop,VSM,173,0.200000,1.000000,0.333333,0.583333,0.500000,0.693426,2.000000
stop,VSM,174,0.000000,0.000000,0.000000,0.041023,0.066667,0.000000,5.000000
stop,VSM,175,0.100000,0.200000,0.133333,0.066201,0.250000,0.173569,5.000000
stop,VSM,176,0.100000,0.142857,0.117647,0.066920,0.125000,0.115452,7.000000
stop,VSM,177,0.300000,0.600000,0.400000,0.553333,1.000000,0.460605,5.000000
stop,VSM,178,0.200000,0.500000,0.285714,0.512121,1.000000,0.925746,4.000000
stop,VSM,179,0.200000,0.500000,0.285714,0.169115,0.250000,0.319147,4.000000
stop,VSM,180,0.400000,0.571429,0.470588,0.527110,1.000000,0.386698,7.000000
stop,VSM,181,0.100000,0.200000,0.133333,0.104921,0.250000,0.074387,5.000000
stop,VSM,182,0.200000,1.000000,0.333333,0.416667,0.500000,0.623495,2.000000
stop,VSM,183,0.700000,0.538462,0.608696,0.592488,1.000000,0.635185,13.000000
stop,VSM,184,0.200000,0.285714,0.235294,0.183836,0.500000,0.226739,7.000000
stop,VSM,185,0.600000,0.666667,0.631579,0.721903,1.000000,0.702925,9.000000
stop,VSM,186,0.400000,0.250000,0.307692,0.192051,1.000000,0.453064,16.000000
stop,VSM,187,0.200000,0.333333,0.250000,0.165568,0.333333,0.279150,6.000000
stop,VSM,188,0.400000,0.363636,0.380952,0.326863,1.000000,0.525587,11.000000
stop,VSM,189,0.000000,0.000000,0.000000,0.068568,0.076923,0.000000,9.000000
stop,VSM,190,0.300000,0.600000,0.400000,0.665966,1.000000,0.622165,5.000000
stop,VSM,191,0.400000,0.307692,0.347826,0.380538,0.500000,0.110571,13.000000
stop,VSM,192,0.200000,0.500000,0.285714,0.209619,0.333333,0.318341,4.000000
stop,VSM,193,0.700000,0.777778,0.736842,0.709665,1.000000,0.568441,9.000000
stop,VSM,194,0.200000,0.333333,0.250000,0.175800,0.333333,0.094268,6.000000
stop,VSM,195,0.000000,0.000000,0.000000,0.039409,0.032258,0.000000,3.000000
stop,VSM,196,0.200000,0.166667,0.181818,0.086331,0.200000,0.148541,12.000000
stop,VSM,197,0.200000,0.666667,0.307692,0.743590,1.000000,0.713621,3.000000
stop,VSM,198,0.200000,0.500000,0.285714,0.239977,0.333333,0.369771,4.000000
stop,VSM,199,0.100000,0.125000,0.111111,0.079194,0.111111,0.051747,8.000000
stop,VSM,200,0.100000,0.333333,0.153846,0.146387,0.333333,0.234639,3.000000
stop,VSM,201,0.400000,0.250000,0.307692,0.305397,1.000000,0.574068,16.000000
stop,VSM,202,0.200000,0.142857,0.166667,0.086820,0.500000,0.042889,14.000000
stop,VSM,203,0.300000,0.214286,0.250000,0.171553,0.500000,0.367119,14.000000
stop,VSM,204,0.100000,0.071429,0.083333,0.051387,0.166667,0.154007,14.000000
stop,VSM,205,0.000000,0.000000,0.000000,0.017460,0.027778,0.000000,2.000000
stop,VSM,206,0.200000,0.666667,0.307692,0.218314,0.250000,0.443054,3.000000
stop,VSM,207,0.000000,0.000000,0.000000,0.068265,0.071429,0.000000,5.000000
stop,VSM,208,0.500000,0.833333,0.625000,0.517183,0.500000,0.685448,6.000000
stop,VSM,209,0.300000,0.250000,0.272727,0.120930,0.250000,0.134123,12.000000
stop,VSM,210,0.200000,0.333333,0.250000,0.390697,1.000000,0.561789,6.000000
stop,VSM,211,0.000000,0.000000,0.000000,0.113040,0.083333,0.000000,11.000000
stop,VSM,212,0.500000,0.357143,0.416667,0.401633,0.500000,0.368896,14.000000
stop,VSM,213,0.500000,0.454545,0.476190,0.460195,1.000000,0.737206,11.000000
stop,VSM,214,0.100000,0.250000,0.142857,0.165543,0.500000,0.246302,4.000000
stop,VSM,215,0.000000,0.000000,0.000000,0.016197,0.016393,0.000000,2.000000
stop,VSM,216,0.000000,0.000000,0.000000,0.002681,0.002681,0.000000,1.000000
stop,VSM,217,0.200000,0.133333,0.160000,0.158672,0.250000,0.288730,15.000000
stop,VSM,218,0.000000,0.000000,0.000000,0.118053,0.090909,0.000000,15.000000
stop,VSM,219,0.000000,0.000000,0.000000,0.037354,0.019608,0.000000,18.000000
stop,VSM,220,0.100000,0.052632,0.068966,0.093259,0.200000,0.019194,19.000000
stop,VSM,221,0.200000,0.111111,0.142857,0.089772,0.200000,0.065697,18.000000
stop,VSM,222,0.300000,0.333333,0.315789,0.270524,0.500000,0.315183,9.000000
stop,VSM,223,0.100000,0.250000,0.142857,0.196181,0.500000,0.246302,4.000000
stop,VSM,224,0.000000,0.000000,0.000000,0.130135,0.066667,0.000000,8.000000
stop,VSM,225,0.200000,0.083333,0.117647,0.066278,0.333333,0.087146,24.000000
stop,BM25,1,0.500000,0.178571,0.263158,0.230707,1.000000,0.357705,28.000000
stop,BM25,2,0.400000,0.166667,0.235294,0.216196,1.000000,0.636815,24.000000
stop,BM25,3,0.400000,0.500000,0.444444,0.647601,1.000000,0.647940,8.000000
stop,BM25,4,0.100000,0.500000,0.166667,0.590909,1.000000,0.613147,2.000000
stop,BM25,5,0.100000,0.250000,0.142857,0.173958,0.250000,0.237018,4.000000
stop,BM25,6,0.100000,0.250000,0.142857,0.162206,0.500000,0.161987,4.000000
stop,BM25,7,0.200000,0.400000,0.266667,0.176028,0.333333,0.220397,5.000000
stop,BM25,8,0.100000,0.090909,0.095238,0.159379,1.000000,0.306046,11.000000
stop,BM25,9,0.300000,1.000000,0.461538,0.722222,1.000000,0.871079,3.000000
stop,BM25,10,0.200000,0.250000,0.222222,0.088984,0.200000,0.173194,8.000000
stop,BM25,11,0.100000,0.142857,0.117647,0.159388,0.500000,0.072014,7.000000
stop,BM25,12,0.200000,0.400000,0.266667,0.311437,0.500000,0.268396,5.000000
stop,BM25,13,0.000000,0.000000,0.000000,0.008600,0.005495,0.000000,4.000000
stop,BM25,14,0.200000,1.000000,0.333333,0.833333,1.000000,0.991624,2.000000
stop,BM25,15,0.200000,1.000000,0.333333,1.000000,1.000000,0.737826,2.000000
stop,BM25,16,0.100000,0.333333,0.153846,0.192395,0.500000,0.182125,3.000000
stop,BM25,17,0.100000,0.500000,0.166667,0.135101,0.250000,0.339009,2.000000
stop,BM25,18,0.100000,0.333333,0.153846,0.144046,0.333333,0.234639,3.000000
stop,BM25,19,0.000000,0.000000,0.000000,0.021086,0.062500,0.000000,9.000000
stop,BM25,20,0.400000,0.444444,0.421053,0.457659,0.500000,0.435097,9.000000
stop,BM25,21,0.100000,0.250000,0.142857,0.097774,0.166667,0.220712,4.000000
stop,BM25,22,0.000000,0.000000,0.000000,0.001859,0.001859,0.000000,1.000000
stop,BM25,23,0.300000,0.093750,0.142857,0.150267,0.500000,0.305350,32.000000
stop,BM25,24,0.200000,0.666667,0.307692,0.281004,0.500000,0.534971,3.000000
stop,BM25,25,0.500000,0.555556,0.526316,0.590747,1.000000,0.501924,9.000000
stop,BM25,26,0.200000,0.333333,0.250000,0.239111,0.500000,0.468875,6.000000
stop,BM25,27,0.100000,0.333333,0.153846,0.173118,0.333333,0.144331,3.000000
stop,BM25,28,0.000000,0.000000,0.000000,0.002208,0.001965,0.000000,2.000000
stop,BM25,29,0.300000,0.333333,0.315789,0.398022,1.000000,0.273456,9.000000
stop,BM25,30,0.100000,0.142857,0.117647,0.065549,0.100000,0.107797,7.000000
stop,BM25,31,0.000000,0.000000,0.000000,0.000998,0.000998,0.000000,1.000000
stop,BM25,32,0.200000,0.333333,0.250000,0.085026,0.250000,0.058876,6.000000
stop,BM25,33,0.300000,1.000000,0.461538,0.638889,0.500000,0.683286,3.000000
stop,BM25,34,0.300000,0.500000,0.375000,0.242900,0.250000,0.309782,6.000000
stop,BM25,35,0.000000,0.000000,0.000000,0.031108,0.031250,0.000000,3.000000
stop,BM25,36,0.000000,0.000000,0.000000,0.043582,0.083333,0.000000,2.000000
stop,BM25,37,0.100000,0.111111,0.105263,0.177493,0.333333,0.077772,9.000000
stop,BM25,38,0.000000,0.000000,0.000000,0.048702,0.090909,0.000000,10.000000
stop,BM25,39,0.200000,0.153846,0.173913,0.180784,1.000000,0.229448,13.000000
stop,BM25,40,0.000000,0.000000,0.000000,0.039487,0.083333,0.000000,12.000000
stop,BM25,41,0.300000,1.000000,0.461538,0.866667,1.000000,0.901851,3.000000
stop,BM25,42,0.200000,0.400000,0.266667,0.159697,0.200000,0.312847,5.000000
stop,BM25,43,0.400000,0.666667,0.500000,0.565622,1.000000,0.868167,6.000000
stop,BM25,44,0.000000,0.000000,0.000000,0.002649,0.001466,0.000000,3.000000
stop,BM25,45,0.200000,0.166667,0.181818,0.185600,1.000000,0.392127,12.000000
stop,BM25,46,0.500000,0.333333,0.400000,0.309483,0.500000,0.407887,15.000000
stop,BM25,47,0.500000,0.357143,0.416667,0.352584,0.250000,0.340805,14.000000
stop,BM25,48,0.300000,0.272727,0.285714,0.180064,0.500000,0.357440,11.000000
stop,BM25,49,0.100000,0.500000,0.166667,0.180556,0.250000,0.355840,2.000000
stop,BM25,50,0.000000,0.000000,0.000000,0.026706,0.066667,0.000000,6.000000
stop,BM25,51,0.400000,0.400000,0.400000,0.522802,1.000000,0.316732,10.000000
stop,BM25,52,0.200000,0.500000,0.285714,0.426515,0.500000,0.515828,4.000000
stop,BM25,53,0.200000,0.200000,0.200000,0.284303,1.000000,0.168532,10.000000
stop,BM25,54,0.100000,0.111111,0.105263,0.137120,0.500000,0.284377,9.000000
stop,BM25,55,0.200000,0.200000,0.200000,0.261103,1.000000,0.327387,10.000000
stop,BM25,56,0.200000,0.200000,0.200000,0.176040,0.333333,0.139943,10.000000
stop,BM25,57,0.100000,0.071429,0.083333,0.085254,0.250000,0.220589,14.000000
stop,BM25,58,0.200000,0.222222,0.210526,0.136958,0.200000,0.282305,9.000000
stop,BM25,59,0.200000,0.500000,0.285714,0.178681,0.250000,0.209895,4.000000
stop,BM25,60,0.300000,0.600000,0.400000,0.413125,1.000000,0.383385,5.000000
stop,BM25,61,0.200000,0.400000,0.266667,0.272346,0.500000,0.405368,5.000000
stop,BM25,62,0.000000,0.000000,0.000000,0.033321,0.083333,0.000000,5.000000
stop,BM25,63,0.000000,0.000000,0.000000,0.007989,0.008065,0.000000,3.000000
stop,BM25,64,0.100000,0.500000,0.166667,0.540000,1.000000,0.772538,2.000000
stop,BM25,65,0.500000,0.333333,0.400000,0.313084,1.000000,0.514017,15.000000
stop,BM25,66,0.100000,0.200000,0.133333,0.151964,0.500000,0.287363,5.000000
stop,BM25,67,0.600000,0.428571,0.500000,0.537644,1.000000,0.594228,14.000000
stop,BM25,68,0.100000,0.200000,0.133333,0.132150,0.500000,0.343821,5.000000
stop,BM25,69,0.000000,0.000000,0.000000,0.051654,0.062500,0.000000,5.000000
stop,BM25,70,0.100000,0.100000,0.100000,0.099530,0.166667,0.079666,10.000000
stop,BM25,71,0.100000,0.125000,0.111111,0.055016,0.166667,0.138698,8.000000
stop,BM25,72,0.100000,0.058824,0.074074,0.062731,0.500000,0.210569,17.000000
stop,BM25,73,0.600000,0.300000,0.400000,0.343731,1.000000,0.614318,20.000000
stop,BM25,74,0.100000,0.166667,0.125000,0.076513,0.142857,0.165599,6.000000
stop,BM25,75,0.100000,0.200000,0.133333,0.122151,0.500000,0.147352,5.000000
stop,BM25,76,0.200000,0.285714,0.235294,0.196572,0.500000,0.339294,7.000000
stop,BM25,77,0.300000,0.500000,0.375000,0.428018,1.000000,0.385060,6.000000
stop,BM25,78,0.300000,1.000000,0.461538,0.555556,0.500000,0.621721,3.000000
stop,BM25,79,0.100000,0.200000,0.133333,0.075535,0.142857,0.161022,5.000000
stop,BM25,80,0.000000,0.000000,0.000000,0.011522,0.012346,0.000000,4.000000
stop,BM25,81,0.200000,1.000000,0.333333,0.291667,0.333333,0.334719,2.000000
stop,BM25,82,0.300000,0.600000,0.400000,0.304621,0.500000,0.461589,5.000000
stop,BM25,83,0.100000,0.250000,0.142857,0.075984,0.166667,0.139056,4.000000
stop,BM25,84,0.300000,0.272727,0.285714,0.372353,1.000000,0.231514,11.000000
stop,BM25,85,0.100000,0.250000,0.142857,0.050544,0.142857,0.045028,4.000000
stop,BM25,86,0.200000,1.000000,0.333333,0.583333,0.500000,0.693426,2.000000
stop,BM25,87,0.000000,0.000000,0.000000,0.008164,0.005319,0.000000,8.000000
stop,BM25,88,0.500000,0.833333,0.625000,0.615873,1.000000,0.529168,6.000000
stop,BM25,89,0.200000,0.333333,0.250000,0.236540,0.333333,0.320416,6.000000
stop,BM25,90,0.300000,0.230769,0.260870,0.230500,0.500000,0.172752,13.000000
stop,BM25,91,0.200000,0.222222,0.210526,0.316904,1.000000,0.476895,9.000000
stop,BM25,92,0.700000,0.538462,0.608696,0.494871,0.500000,0.278708,13.000000
stop,BM25,93,0.100000,1.000000,0.181818,0.500000,0.500000,0.630930,1.000000
stop,BM25,94,0.600000,0.500000,0.545455,0.594335,1.000000,0.312512,12.000000
stop,BM25,95,0.200000,1.000000,0.333333,0.416667,0.500000,0.382193,2.000000
stop,BM25,96,0.500000,0.384615,0.434783,0.380864,0.500000,0.334227,13.000000
stop,BM25,97,0.200000,0.200000,0.200000,0.100193,0.500000,0.190278,10.000000
stop,BM25,98,0.100000,0.200000,0.133333,0.034440,0.125000,0.035254,5.000000
stop,BM25,99,0.300000,0.750000,0.428571,0.292533,0.333333,0.522068,4.000000
stop,BM25,100,0.300000,0.333333,0.315789,0.239119,0.500000,0.390490,9.000000
stop,BM25,101,0.500000,0.833333,0.625000,0.735450,1.000000,0.794811,6.000000
stop,BM25,102,0.200000,0.500000,0.285714,0.346008,1.000000,0.239245,4.000000
stop,BM25,103,0.000000,0.000000,0.000000,0.032278,0.062500,0.000000,2.000000
stop,BM25,104,0.200000,0.400000,0.266667,0.175125,0.333333,0.276573,5.000000
stop,BM25,105,0.300000,0.600000,0.400000,0.422020,1.000000,0.768124,5.000000
stop,BM25,106,0.300000,0.600000,0.400000,0.246656,0.250000,0.364368,5.000000
stop,BM25,107,0.200000,0.285714,0.235294,0.251597,0.500000,0.321657,7.000000
stop,BM25,108,0.600000,0.857143,0.705882,0.839286,1.000000,0.734109,7.000000
stop,BM25,109,0.000000,0.000000,0.000000,0.030881,0.052632,0.000000,5.000000
stop,BM25,110,0.000000,0.000000,0.000000,0.016962,0.013158,0.000000,4.000000
stop,BM25,111,0.200000,0.285714,0.235294,0.217661,0.142857,0.096060,7.000000
stop,BM25,112,0.200000,1.000000,0.333333,0.361111,0.500000,0.422487,2.000000
stop,BM25,113,0.200000,0.500000,0.285714,0.378175,1.000000,0.541400,4.000000
stop,BM25,114,0.000000,0.000000,0.000000,0.044322,0.083333,0.000000,4.000000
stop,BM25,115,0.000000,0.000000,0.000000,0.028990,0.020833,0.000000,4.000000
stop,BM25,116,0.100000,0.200000,0.133333,0.065654,0.250000,0.064371,5.000000
stop,BM25,117,0.000000,0.000000,0.000000,0.045238,0.033333,0.000000,2.000000
stop,BM25,118,0.200000,0.666667,0.307692,0.677778,1.000000,0.855669,3.000000
stop,BM25,119,0.100000,1.000000,0.181818,0.500000,0.500000,0.630930,1.000000
stop,BM25,120,0.400000,0.444444,0.421053,0.418999,0.500000,0.504990,9.000000
stop,BM25,121,0.400000,0.571429,0.470588,0.540659,0.500000,0.486036,7.000000
stop,BM25,122,0.500000,0.555556,0.526316,0.291478,0.200000,0.208704,9.000000
stop,BM25,123,0.000000,0.000000,0.000000,0.047619,0.047619,0.000000,2.000000
stop,BM25,124,0.000000,0.000000,0.000000,0.005900,0.012048,0.000000,4.000000
stop,BM25,125,0.300000,0.176471,0.222222,0.254021,1.000000,0.401373,17.000000
stop,BM25,126,0.200000,0.250000,0.222222,0.222346,1.000000,0.571145,8.000000
stop,BM25,127,0.100000,0.200000,0.133333,0.144754,0.500000,0.137817,5.000000
stop,BM25,128,0.000000,0.000000,0.000000,0.016559,0.018519,0.000000,2.000000
stop,BM25,129,0.400000,0.571429,0.470588,0.432746,0.500000,0.560060,7.000000
stop,BM25,130,0.400000,0.800000,0.533333,0.501842,1.000000,0.612453,5.000000
stop,BM25,131,0.400000,0.500000,0.444444,0.248291,0.200000,0.263043,8.000000
stop,BM25,132,0.700000,0.466667,0.560000,0.580509,0.500000,0.296622,15.000000
stop,BM25,133,0.200000,0.285714,0.235294,0.247799,0.142857,0.209179,7.000000
stop,BM25,134,0.100000,0.500000,0.166667,0.116667,0.166667,0.120167,2.000000
stop,BM25,135,0.400000,0.500000,0.444444,0.446023,0.500000,0.095072,8.000000
stop,BM25,136,0.200000,0.666667,0.307692,0.425641,1.000000,0.947811,3.000000
stop,BM25,137,0.200000,0.500000,0.285714,0.195388,0.250000,0.209895,4.000000
stop,BM25,138,0.100000,0.500000,0.166667,0.076583,0.142857,0.204382,2.000000
stop,BM25,139,0.000000,0.000000,0.000000,0.005724,0.002571,0.000000,4.000000
stop,BM25,140,0.100000,0.166667,0.125000,0.115093,0.500000,0.298343,6.000000
stop,BM25,141,0.200000,0.333333,0.250000,0.346318,1.000000,0.557097,6.000000
stop,BM25,142,0.000000,0.000000,0.000000,0.001718,0.001718,0.000000,1.000000
stop,BM25,143,0.100000,0.500000,0.166667,0.576923,1.000000,0.613147,2.000000
stop,BM25,144,0.500000,0.833333,0.625000,0.623925,0.500000,0.660831,6.000000
stop,BM25,145,0.400000,0.571429,0.470588,0.409762,0.500000,0.567939,7.000000
stop,BM25,146,0.200000,1.000000,0.333333,0.750000,1.000000,0.560011,2.000000
stop,BM25,147,0.400000,0.400000,0.400000,0.276587,0.500000,0.435997,10.000000
stop,BM25,148,0.200000,0.333333,0.250000,0.222933,0.500000,0.403046,6.000000
stop,BM25,149,0.500000,0.454545,0.476190,0.426708,1.000000,0.526428,11.000000
stop,BM25,150,0.200000,1.000000,0.333333,0.583333,0.500000,0.693426,2.000000
stop,BM25,151,0.000000,0.000000,0.000000,0.020626,0.025000,0.000000,5.000000
stop,BM25,152,0.100000,0.166667,0.125000,0.048919,0.142857,0.235831,6.000000
stop,BM25,153,0.300000,0.428571,0.352941,0.345794,0.500000,0.322269,7.000000
stop,BM25,154,0.200000,1.000000,0.333333,0.642857,1.000000,0.599737,2.000000
stop,BM25,155,0.300000,0.500000,0.375000,0.293477,1.000000,0.231570,6.000000
stop,BM25,156,0.600000,0.428571,0.500000,0.467626,1.000000,0.308471,14.000000
stop,BM25,157,0.400000,0.102564,0.163265,0.269104,0.500000,0.284447,39.000000
stop,BM25,158,0.300000,0.375000,0.333333,0.345829,1.000000,0.637492,8.000000
stop,BM25,159,0.100000,0.125000,0.111111,0.054853,0.250000,0.122319,8.000000
stop,BM25,160,0.100000,0.200000,0.133333,0.067111,0.200000,0.160958,5.000000
stop,BM25,161,0.300000,0.500000,0.375000,0.451004,1.000000,0.789438,6.000000
stop,BM25,162,0.300000,0.375000,0.333333,0.293945,1.000000,0.232842,8.000000
stop,BM25,163,0.200000,0.666667,0.307692,0.292484,0.333333,0.436747,3.000000
stop,BM25,164,0.500000,0.625000,0.555556,0.481849,1.000000,0.732675,8.000000
stop,BM25,165,0.200000,1.000000,0.333333,0.450000,0.500000,0.624051,2.000000
stop,BM25,166,0.100000,0.125000,0.111111,0.034024,0.100000,0.073117,8.000000
stop,BM25,167,0.200000,1.000000,0.333333,0.333333,0.333333,0.513744,2.000000
stop,BM25,168,0.100000,0.500000,0.166667,0.084800,0.166667,0.218407,2.000000
stop,BM25,169,0.200000,0.500000,0.285714,0.295764,0.500000,0.441492,4.000000
stop,BM25,170,0.400000,0.666667,0.500000,0.675672,1.000000,0.724949,6.000000
stop,BM25,171,0.300000,1.000000,0.461538,0.638889,0.500000,0.696790,3.000000
stop,BM25,172,0.400000,1.000000,0.571429,0.804167,1.000000,0.884969,4.000000
stop,BM25,173,0.200000,1.000000,0.333333,1.000000,1.000000,1.000000,2.000000
stop,BM25,174,0.100000,0.200000,0.133333,0.047672,0.100000,0.122604,5.000000
stop,BM25,175,0.100000,0.200000,0.133333,0.055932,0.200000,0.155907,5.000000
stop,BM25,176,0.100000,0.142857,0.117647,0.083559,0.250000,0.157616,7.000000
stop,BM25,177,0.300000,0.600000,0.400000,0.521429,0.500000,0.489584,5.000000
stop,BM25,178,0.300000,0.750000,0.428571,0.632576,1.000000,0.945731,4.000000
stop,BM25,179,0.200000,0.500000,0.285714,0.305567,0.500000,0.441492,4.000000
stop,BM25,180,0.400000,0.571429,0.470588,0.408638,0.500000,0.347516,7.000000
stop,BM25,181,0.200000,0.400000,0.266667,0.328163,1.000000,0.346290,5.000000
stop,BM25,182,0.200000,1.000000,0.333333,0.450000,0.500000,0.628937,2.000000
stop,BM25,183,0.600000,0.461538,0.521739,0.552843,1.000000,0.605145,13.000000
stop,BM25,184,0.200000,0.285714,0.235294,0.196174,0.500000,0.226739,7.000000
stop,BM25,185,0.600000,0.666667,0.631579,0.783862,1.000000,0.795837,9.000000
stop,BM25,186,0.400000,0.250000,0.307692,0.163396,0.333333,0.347629,16.000000
stop,BM25,187,0.200000,0.333333,0.250000,0.146728,0.500000,0.237117,6.000000
stop,BM25,188,0.300000,0.272727,0.285714,0.274967,1.000000,0.464899,11.000000
stop,BM25,189,0.200000,0.222222,0.210526,0.143494,0.500000,0.143166,9.000000
stop,BM25,190,0.300000,0.600000,0.400000,0.512101,1.000000,0.552328,5.000000
stop,BM25,191,0.300000,0.230769,0.260870,0.390056,0.333333,0.092630,13.000000
stop,BM25,192,0.300000,0.750000,0.428571,0.267952,0.333333,0.463726,4.000000
stop,BM25,193,0.700000,0.777778,0.736842,0.755638,1.000000,0.649882,9.000000
stop,BM25,194,0.200000,0.333333,0.250000,0.272192,0.500000,0.114465,6.000000
stop,BM25,195,0.100000,0.333333,0.153846,0.090173,0.200000,0.181542,3.000000
stop,BM25,196,0.200000,0.166667,0.181818,0.089822,0.200000,0.148541,12.000000
stop,BM25,197,0.200000,0.666667,0.307692,0.733333,1.000000,0.855669,3.000000
stop,BM25,198,0.200000,0.500000,0.285714,0.384650,1.000000,0.490260,4.000000
stop,BM25,199,0.100000,0.125000,0.111111,0.075971,0.142857,0.057300,8.000000
stop,BM25,200,0.200000,0.666667,0.307692,0.212410,0.333333,0.391066,3.000000
stop,BM25,201,0.400000,0.250000,0.307692,0.330390,1.000000,0.587191,16.000000
stop,BM25,202,0.200000,0.142857,0.166667,0.120851,0.500000,0.051252,14.000000
stop,BM25,203,0.400000,0.285714,0.333333,0.232751,0.500000,0.494551,14.000000
stop,BM25,204,0.100000,0.071429,0.083333,0.049707,0.125000,0.136392,14.000000
stop,BM25,205,0.000000,0.000000,0.000000,0.037104,0.058824,0.000000,2.000000
stop,BM25,206,0.200000,0.666667,0.307692,0.391682,0.500000,0.612898,3.000000
stop,BM25,207,0.100000,0.200000,0.133333,0.101512,0.200000,0.079515,5.000000
stop,BM25,208,0.500000,0.833333,0.625000,0.607937,0.500000,0.706619,6.000000
stop,BM25,209,0.300000,0.250000,0.272727,0.149570,0.500000,0.168635,12.000000
stop,BM25,210,0.300000,0.500000,0.375000,0.367325,1.000000,0.558054,6.000000
stop,BM25,211,0.200000,0.181818,0.190476,0.156227,0.111111,0.034785,11.000000
stop,BM25,212,0.500000,0.357143,0.416667,0.548623,1.000000,0.468168,14.000000
stop,BM25,213,0.700000,0.636364,0.666667,0.536407,1.000000,0.791048,11.000000
stop,BM25,214,0.100000,0.250000,0.142857,0.154864,0.500000,0.246302,4.000000
stop,BM25,215,0.000000,0.000000,0.000000,0.030228,0.034483,0.000000,2.000000
stop,BM25,216,0.000000,0.000000,0.000000,0.003759,0.003759,0.000000,1.000000
stop,BM25,217,0.300000,0.200000,0.240000,0.208856,0.500000,0.404312,15.000000
stop,BM25,218,0.300000,0.200000,0.240000,0.246178,1.000000,0.520501,15.000000
stop,BM25,219,0.000000,0.000000,0.000000,0.038734,0.025641,0.000000,18.000000
stop,BM25,220,0.300000,0.157895,0.206897,0.181238,0.500000,0.128761,19.000000
stop,BM25,221,0.300000,0.166667,0.214286,0.188112,0.500000,0.166324,18.000000
stop,BM25,222,0.400000,0.444444,0.421053,0.368603,0.500000,0.477311,9.000000
stop,BM25,223,0.200000,0.500000,0.285714,0.420437,1.000000,0.529436,4.000000
stop,BM25,224,0.300000,0.375000,0.333333,0.209436,0.142857,0.194383,8.000000
stop,BM25,225,0.300000,0.125000,0.176471,0.093242,0.500000,0.139183,24.000000
stem,VSM,1,0.400000,0.142857,0.210526,0.168688,0.500000,0.241660,28.000000
stem,VSM,2,0.400000,0.166667,0.235294,0.222278,1.000000,0.655764,24.000000
stem,VSM,3,0.600000,0.750000,0.666667,0.599416,0.500000,0.659092,8.000000
stem,VSM,4,0.100000,0.500000,0.166667,0.537037,1.000000,0.613147,2.000000
stem,VSM,5,0.200000,0.500000,0.285714,0.217110,0.200000,0.252107,4.000000
stem,VSM,6,0.100000,0.250000,0.142857,0.064696,0.200000,0.099322,4.000000
stem,VSM,7,0.200000,0.400000,0.266667,0.136786,0.250000,0.195553,5.000000
stem,VSM,8,0.100000,0.090909,0.095238,0.087946,0.125000,0.096547,11.000000
stem,VSM,9,0.300000,1.000000,0.461538,0.700000,1.000000,0.852928,3.000000
stem,VSM,10,0.300000,0.375000,0.333333,0.259746,1.000000,0.341429,8.000000
stem,VSM,11,0.100000,0.142857,0.117647,0.112991,0.250000,0.049157,7.000000
stem,VSM,12,0.200000,0.400000,0.266667,0.309007,1.000000,0.497170,5.000000
stem,VSM,13,0.000000,0.000000,0.000000,0.003523,0.003460,0.000000,4.000000
stem,VSM,14,0.200000,1.000000,0.333333,0.750000,1.000000,0.987189,2.000000
stem,VSM,15,0.200000,1.000000,0.333333,0.666667,1.000000,0.493886,2.000000
stem,VSM,16,0.100000,0.333333,0.153846,0.186369,0.500000,0.182125,3.000000
stem,VSM,17,0.100000,0.500000,0.166667,0.516393,1.000000,0.787155,2.000000
stem,VSM,18,0.100000,0.333333,0.153846,0.127329,0.333333,0.234639,3.000000
stem,VSM,19,0.100000,0.111111,0.105263,0.048195,0.142857,0.049865,9.000000
stem,VSM,20,0.500000,0.555556,0.526316,0.508291,0.500000,0.498327,9.000000
stem,VSM,21,0.100000,0.250000,0.142857,0.079151,0.125000,0.091218,4.000000
stem,VSM,22,0.000000,0.000000,0.000000,0.001818,0.001818,0.000000,1.000000
stem,VSM,23,0.300000,0.093750,0.142857,0.145618,0.166667,0.215341,32.000000
stem,VSM,24,0.200000,0.666667,0.307692,0.250980,0.333333,0.480623,3.000000
stem,VSM,25,0.500000,0.555556,0.526316,0.629338,1.000000,0.606639,9.000000
stem,VSM,26,0.100000,0.166667,0.125000,0.109283,0.166667,0.147681,6.000000
stem,VSM,27,0.100000,0.333333,0.153846,0.140386,0.250000,0.290080,3.000000
stem,VSM,28,0.000000,0.000000,0.000000,0.004358,0.003704,0.000000,2.000000
stem,VSM,29,0.500000,0.555556,0.526316,0.556608,1.000000,0.580131,9.000000
stem,VSM,30,0.100000,0.142857,0.117647,0.087794,0.166667,0.132835,7.000000
stem,VSM,31,0.000000,0.000000,0.000000,0.000890,0.000890,0.000000,1.000000
stem,VSM,32,0.100000,0.166667,0.125000,0.077770,0.250000,0.034654,6.000000
stem,VSM,33,0.300000,1.000000,0.461538,0.320635,0.200000,0.466691,3.000000
stem,VSM,34,0.100000,0.166667,0.125000,0.160008,0.125000,0.043187,6.000000
stem,VSM,35,0.000000,0.000000,0.000000,0.026965,0.047619,0.000000,3.000000
stem,VSM,36,0.100000,0.500000,0.166667,0.057233,0.111111,0.101553,2.000000
stem,VSM,37,0.000000,0.000000,0.000000,0.043788,0.052632,0.000000,9.000000
stem,VSM,38,0.000000,0.000000,0.000000,0.046913,0.035714,0.000000,10.000000
stem,VSM,39,0.300000,0.230769,0.260870,0.149433,0.500000,0.210904,13.000000
stem,VSM,40,0.100000,0.083333,0.090909,0.045209,0.142857,0.035483,12.000000
stem,VSM,41,0.300000,1.000000,0.461538,0.777778,1.000000,0.855815,3.000000
stem,VSM,42,0.300000,0.600000,0.400000,0.148105,0.125000,0.320829,5.000000
stem,VSM,43,0.400000,0.666667,0.500000,0.543913,1.000000,0.774284,6.000000
stem,VSM,44,0.000000,0.000000,0.000000,0.002270,0.001332,0.000000,3.000000
stem,VSM,45,0.200000,0.166667,0.181818,0.200285,1.000000,0.481680,12.000000
stem,VSM,46,0.300000,0.200000,0.240000,0.233807,1.000000,0.482590,15.000000
stem,VSM,47,0.400000,0.285714,0.333333,0.307025,0.250000,0.323768,14.000000
stem,VSM,48,0.300000,0.272727,0.285714,0.180321,0.500000,0.415490,11.000000
stem,VSM,49,0.100000,0.500000,0.166667,0.288462,0.500000,0.521296,2.000000
stem,VSM,50,0.100000,0.166667,0.125000,0.067457,0.333333,0.267375,6.000000
stem,VSM,51,0.300000,0.300000,0.300000,0.332700,1.000000,0.239418,10.000000
stem,VSM,52,0.400000,1.000000,0.571429,0.542857,0.500000,0.566030,4.000000
stem,VSM,53,0.200000,0.200000,0.200000,0.274111,1.000000,0.192174,10.000000
stem,VSM,54,0.200000,0.222222,0.210526,0.129395,0.333333,0.283513,9.000000
stem,VSM,55,0.100000,0.100000,0.100000,0.105557,0.333333,0.022029,10.000000
stem,VSM,56,0.200000,0.200000,0.200000,0.094847,0.166667,0.105909,10.000000
stem,VSM,57,0.000000,0.000000,0.000000,0.056925,0.066667,0.000000,14.000000
stem,VSM,58,0.100000,0.111111,0.105263,0.112555,0.111111,0.157517,9.000000
stem,VSM,59,0.100000,0.250000,0.142857,0.091367,0.250000,0.110573,4.000000
stem,VSM,60,0.300000,0.600000,0.400000,0.516201,1.000000,0.404451,5.000000
stem,VSM,61,0.200000,0.400000,0.266667,0.349351,0.500000,0.369486,5.000000
stem,VSM,62,0.000000,0.000000,0.000000,0.013974,0.022222,0.000000,5.000000
stem,VSM,63,0.000000,0.000000,0.000000,0.017535,0.012658,0.000000,3.000000
stem,VSM,64,0.100000,0.500000,0.166667,0.558824,1.000000,0.772538,2.000000
stem,VSM,65,0.500000,0.333333,0.400000,0.376470,1.000000,0.557661,15.000000
stem,VSM,66,0.200000,0.400000,0.266667,0.128157,0.250000,0.339837,5.000000
stem,VSM,67,0.600000,0.428571,0.500000,0.550747,1.000000,0.619718,14.000000
stem,VSM,68,0.100000,0.200000,0.133333,0.070582,0.125000,0.171910,5.000000
stem,VSM,69,0.000000,0.000000,0.000000,0.016068,0.016667,0.000000,5.000000
stem,VSM,70,0.000000,0.000000,0.000000,0.040982,0.026316,0.000000,10.000000
stem,VSM,71,0.000000,0.000000,0.000000,0.036700,0.045455,0.000000,8.000000
stem,VSM,72,0.100000,0.058824,0.074074,0.064574,0.142857,0.111248,17.000000
stem,VSM,73,0.600000,0.300000,0.400000,0.332622,1.000000,0.666285,20.000000
stem,VSM,74,0.000000,0.000000,0.000000,0.068263,0.038462,0.000000,6.000000
stem,VSM,75,0.100000,0.200000,0.133333,0.054368,0.200000,0.090348,5.000000
stem,VSM,76,0.100000,0.142857,0.117647,0.204546,1.000000,0.172041,7.000000
stem,VSM,77,0.300000,0.500000,0.375000,0.313451,0.333333,0.149358,6.000000
stem,VSM,78,0.300000,1.000000,0.461538,0.588889,0.500000,0.587018,3.000000
stem,VSM,79,0.000000,0.000000,0.000000,0.060799,0.062500,0.000000,5.000000
stem,VSM,80,0.000000,0.000000,0.000000,0.012724,0.011364,0.000000,4.000000
stem,VSM,81,0.100000,0.500000,0.166667,0.238095,0.333333,0.479818,2.000000
stem,VSM,82,0.300000,0.600000,0.400000,0.479423,1.000000,0.614217,5.000000
stem,VSM,83,0.100000,0.250000,0.142857,0.069440,0.200000,0.151020,4.000000
stem,VSM,84,0.400000,0.363636,0.380952,0.316229,1.000000,0.253899,11.000000
stem,VSM,85,0.100000,0.250000,0.142857,0.134912,0.500000,0.085228,4.000000
stem,VSM,86,0.200000,1.000000,0.333333,0.392857,0.500000,0.591235,2.000000
stem,VSM,87,0.000000,0.000000,0.000000,0.014727,0.010204,0.000000,8.000000
stem,VSM,88,0.600000,1.000000,0.750000,0.841667,1.000000,0.947017,6.000000
stem,VSM,89,0.100000,0.166667,0.125000,0.179154,0.500000,0.313444,6.000000
stem,VSM,90,0.200000,0.153846,0.173913,0.152781,0.333333,0.058763,13.000000
stem,VSM,91,0.200000,0.222222,0.210526,0.156144,0.200000,0.205616,9.000000
stem,VSM,92,0.700000,0.538462,0.608696,0.617880,1.000000,0.328781,13.000000
stem,VSM,93,0.100000,1.000000,0.181818,0.500000,0.500000,0.630930,1.000000
stem,VSM,94,0.500000,0.416667,0.454545,0.480053,1.000000,0.314166,12.000000
stem,VSM,95,0.100000,0.500000,0.166667,0.158824,0.200000,0.024749,2.000000
stem,VSM,96,0.600000,0.461538,0.521739,0.333707,0.500000,0.338340,13.000000
stem,VSM,97,0.300000,0.300000,0.300000,0.173710,0.333333,0.220563,10.000000
stem,VSM,98,0.000000,0.000000,0.000000,0.013170,0.015385,0.000000,5.000000
stem,VSM,99,0.200000,0.500000,0.285714,0.217397,0.500000,0.453246,4.000000
stem,VSM,100,0.300000,0.333333,0.315789,0.154170,0.200000,0.263739,9.000000
stem,VSM,101,0.500000,0.833333,0.625000,0.592063,1.000000,0.747760,6.000000
stem,VSM,102,0.200000,0.500000,0.285714,0.450543,1.000000,0.491868,4.000000
stem,VSM,103,0.000000,0.000000,0.000000,0.036883,0.071429,0.000000,2.000000
stem,VSM,104,0.200000,0.400000,0.266667,0.157433,0.250000,0.259122,5.000000
stem,VSM,105,0.300000,0.600000,0.400000,0.435090,1.000000,0.771041,5.000000
stem,VSM,106,0.200000,0.400000,0.266667,0.222655,0.333333,0.339065,5.000000
stem,VSM,107,0.300000,0.428571,0.352941,0.309759,0.500000,0.341352,7.000000
stem,VSM,108,0.600000,0.857143,0.705882,0.811139,1.000000,0.792504,7.000000
stem,VSM,109,0.000000,0.000000,0.000000,0.028657,0.018519,0.000000,5.000000
stem,VSM,110,0.100000,0.250000,0.142857,0.275097,1.000000,0.568298,4.000000
stem,VSM,111,0.400000,0.571429,0.470588,0.330641,0.200000,0.359345,7.000000
stem,VSM,112,0.100000,0.500000,0.166667,0.180751,0.333333,0.137706,2.000000
stem,VSM,113,0.200000,0.500000,0.285714,0.387262,1.000000,0.558508,4.000000
stem,VSM,114,0.100000,0.250000,0.142857,0.105695,0.333333,0.337708,4.000000
stem,VSM,115,0.000000,0.000000,0.000000,0.013237,0.029412,0.000000,4.000000
stem,VSM,116,0.100000,0.200000,0.133333,0.038711,0.111111,0.044993,5.000000
stem,VSM,117,0.000000,0.000000,0.000000,0.020282,0.015873,0.000000,2.000000
stem,VSM,118,0.100000,0.333333,0.153846,0.129630,0.111111,0.202757,3.000000
stem,VSM,119,0.100000,1.000000,0.181818,1.000000,1.000000,1.000000,1.000000
stem,VSM,120,0.500000,0.555556,0.526316,0.430460,0.500000,0.549497,9.000000
stem,VSM,121,0.400000,0.571429,0.470588,0.568147,1.000000,0.515631,7.000000
stem,VSM,122,0.200000,0.222222,0.210526,0.146768,0.250000,0.158599,9.000000
stem,VSM,123,0.000000,0.000000,0.000000,0.050481,0.062500,0.000000,2.000000
stem,VSM,124,0.000000,0.000000,0.000000,0.003138,0.003021,0.000000,4.000000
stem,VSM,125,0.400000,0.235294,0.296296,0.203204,0.333333,0.337301,17.000000
stem,VSM,126,0.200000,0.250000,0.222222,0.164649,0.500000,0.430617,8.000000
stem,VSM,127,0.100000,0.200000,0.133333,0.052889,0.200000,0.084502,5.000000
stem,VSM,128,0.000000,0.000000,0.000000,0.012530,0.020408,0.000000,2.000000
stem,VSM,129,0.500000,0.714286,0.588235,0.478148,0.500000,0.597374,7.000000
stem,VSM,130,0.300000,0.600000,0.400000,0.327679,0.333333,0.399004,5.000000
stem,VSM,131,0.100000,0.125000,0.111111,0.268914,0.125000,0.017769,8.000000
stem,VSM,132,0.700000,0.466667,0.560000,0.682867,0.500000,0.521643,15.000000
stem,VSM,133,0.100000,0.142857,0.117647,0.223227,0.142857,0.197746,7.000000
stem,VSM,134,0.100000,0.500000,0.166667,0.279412,0.500000,0.212845,2.000000
stem,VSM,135,0.400000,0.500000,0.444444,0.543336,1.000000,0.349121,8.000000
stem,VSM,136,0.100000,0.333333,0.153846,0.383810,1.000000,0.929891,3.000000
stem,VSM,137,0.200000,0.500000,0.285714,0.210360,0.250000,0.209895,4.000000
stem,VSM,138,0.100000,0.500000,0.166667,0.121277,0.200000,0.237198,2.000000
stem,VSM,139,0.000000,0.000000,0.000000,0.010053,0.011236,0.000000,4.000000
stem,VSM,140,0.200000,0.333333,0.250000,0.140818,0.500000,0.440688,6.000000
stem,VSM,141,0.100000,0.166667,0.125000,0.095009,0.166667,0.075086,6.000000
stem,VSM,142,0.100000,1.000000,0.181818,0.111111,0.111111,0.301030,1.000000
stem,VSM,143,0.100000,0.500000,0.166667,0.145833,0.166667,0.218407,2.000000
stem,VSM,144,0.400000,0.666667,0.500000,0.528968,1.000000,0.722845,6.000000
stem,VSM,145,0.400000,0.571429,0.470588,0.463537,1.000000,0.585944,7.000000
stem,VSM,146,0.200000,1.000000,0.333333,0.750000,1.000000,0.560011,2.000000
stem,VSM,147,0.200000,0.200000,0.200000,0.269657,1.000000,0.335234,10.000000
stem,VSM,148,0.300000,0.500000,0.375000,0.448602,1.000000,0.677152,6.000000
stem,VSM,149,0.300000,0.272727,0.285714,0.317552,1.000000,0.381134,11.000000
stem,VSM,150,0.200000,1.000000,0.333333,0.583333,0.500000,0.693426,2.000000
stem,VSM,151,0.000000,0.000000,0.000000,0.026530,0.025000,0.000000,5.000000
stem,VSM,152,0.000000,0.000000,0.000000,0.011171,0.025641,0.000000,6.000000
stem,VSM,153,0.300000,0.428571,0.352941,0.256809,0.333333,0.258413,7.000000
stem,VSM,154,0.200000,1.000000,0.333333,0.416667,0.500000,0.493236,2.000000
stem,VSM,155,0.300000,0.500000,0.375000,0.438617,1.000000,0.236067,6.000000
stem,VSM,156,0.600000,0.428571,0.500000,0.485489,1.000000,0.322624,14.000000
stem,VSM,157,0.500000,0.128205,0.204082,0.336897,0.500000,0.215710,39.000000
stem,VSM,158,0.100000,0.125000,0.111111,0.121426,0.250000,0.201038,8.000000
stem,VSM,159,0.100000,0.125000,0.111111,0.070221,0.200000,0.036624,8.000000
stem,VSM,160,0.100000,0.200000,0.133333,0.122631,0.500000,0.262511,5.000000
stem,VSM,161,0.300000,0.500000,0.375000,0.520810,1.000000,0.744464,6.000000
stem,VSM,162,0.200000,0.250000,0.222222,0.156071,0.500000,0.117680,8.000000
stem,VSM,163,0.200000,0.666667,0.307692,0.186252,0.200000,0.348702,3.000000
stem,VSM,164,0.300000,0.375000,0.333333,0.302584,0.500000,0.426329,8.000000
stem,VSM,165,0.200000,1.000000,0.333333,0.366667,0.333333,0.543771,2.000000
stem,VSM,166,0.000000,0.000000,0.000000,0.018721,0.023256,0.000000,8.000000
stem,VSM,167,0.200000,1.000000,0.333333,0.225000,0.250000,0.436526,2.000000
stem,VSM,168,0.100000,0.500000,0.166667,0.138462,0.200000,0.237198,2.000000
stem,VSM,169,0.200000,0.500000,0.285714,0.153283,0.200000,0.268536,4.000000
stem,VSM,170,0.400000,0.666667,0.500000,0.579330,1.000000,0.747396,6.000000
stem,VSM,171,0.300000,1.000000,0.461538,0.305556,0.250000,0.484871,3.000000
stem,VSM,172,0.400000,1.000000,0.571429,0.770833,1.000000,0.881596,4.000000
stem,VSM,173,0.200000,1.000000,0.333333,0.583333,0.500000,0.693426,2.000000
stem,VSM,174,0.200000,0.400000,0.266667,0.165637,0.500000,0.395283,5.000000
stem,VSM,175,0.200000,0.400000,0.266667,0.077527,0.111111,0.237817,5.000000
stem,VSM,176,0.000000,0.000000,0.000000,0.028033,0.020000,0.000000,7.000000
stem,VSM,177,0.500000,1.000000,0.666667,0.759524,1.000000,0.656602,5.000000
stem,VSM,178,0.200000,0.500000,0.285714,0.502003,1.000000,0.925746,4.000000
stem,VSM,179,0.200000,0.500000,0.285714,0.196217,0.333333,0.346210,4.000000
stem,VSM,180,0.300000,0.428571,0.352941,0.343878,0.500000,0.300826,7.000000
stem,VSM,181,0.100000,0.200000,0.133333,0.253128,1.000000,0.172721,5.000000
stem,VSM,182,0.200000,1.000000,0.333333,0.583333,0.500000,0.649031,2.000000
stem,VSM,183,0.800000,0.615385,0.695652,0.620431,1.000000,0.641555,13.000000
stem,VSM,184,0.200000,0.285714,0.235294,0.192399,0.333333,0.259634,7.000000
stem,VSM,185,0.600000,0.666667,0.631579,0.652844,1.000000,0.591794,9.000000
stem,VSM,186,0.300000,0.187500,0.230769,0.211059,1.000000,0.428385,16.000000
stem,VSM,187,0.200000,0.333333,0.250000,0.186152,0.500000,0.321837,6.000000
stem,VSM,188,0.400000,0.363636,0.380952,0.430327,1.000000,0.525276,11.000000
stem,VSM,189,0.100000,0.111111,0.105263,0.081844,0.125000,0.045752,9.000000
stem,VSM,190,0.400000,0.800000,0.533333,0.693478,1.000000,0.653279,5.000000
stem,VSM,191,0.400000,0.307692,0.347826,0.392657,0.333333,0.104373,13.000000
stem,VSM,192,0.300000,0.750000,0.428571,0.500443,0.500000,0.609620,4.000000
stem,VSM,193,0.600000,0.666667,0.631579,0.723488,1.000000,0.509788,9.000000
stem,VSM,194,0.000000,0.000000,0.000000,0.080081,0.076923,0.000000,6.000000
stem,VSM,195,0.000000,0.000000,0.000000,0.034285,0.038462,0.000000,3.000000
stem,VSM,196,0.300000,0.250000,0.272727,0.131043,0.333333,0.188944,12.000000
stem,VSM,197,0.200000,0.666667,0.307692,0.618056,1.000000,0.625434,3.000000
stem,VSM,198,0.200000,0.500000,0.285714,0.448207,1.000000,0.617868,4.000000
stem,VSM,199,0.200000,0.250000,0.222222,0.090099,0.111111,0.101436,8.000000
stem,VSM,200,0.100000,0.333333,0.153846,0.169195,0.333333,0.234639,3.000000
stem,VSM,201,0.400000,0.250000,0.307692,0.275508,1.000000,0.555539,16.000000
stem,VSM,202,0.300000,0.214286,0.250000,0.148171,0.250000,0.051346,14.000000
stem,VSM,203,0.100000,0.071429,0.083333,0.074607,0.333333,0.126908,14.000000
stem,VSM,204,0.000000,0.000000,0.000000,0.035293,0.083333,0.000000,14.000000
stem,VSM,205,0.100000,0.500000,0.166667,0.326923,0.500000,0.386853,2.000000
stem,VSM,206,0.200000,0.666667,0.307692,0.245785,0.333333,0.480623,3.000000
stem,VSM,207,0.200000,0.400000,0.266667,0.169996,0.333333,0.259607,5.000000
stem,VSM,208,0.400000,0.666667,0.500000,0.501190,0.500000,0.658768,6.000000
stem,VSM,209,0.100000,0.083333,0.090909,0.076870,0.125000,0.017198,12.000000
stem,VSM,210,0.200000,0.333333,0.250000,0.335870,1.000000,0.643862,6.000000
stem,VSM,211,0.100000,0.090909,0.095238,0.200527,1.000000,0.058948,11.000000
stem,VSM,212,0.500000,0.357143,0.416667,0.466687,1.000000,0.545809,14.000000
stem,VSM,213,0.500000,0.454545,0.476190,0.409311,0.500000,0.490758,11.000000
stem,VSM,214,0.100000,0.250000,0.142857,0.169449,0.500000,0.246302,4.000000
stem,VSM,215,0.000000,0.000000,0.000000,0.035840,0.052632,0.000000,2.000000
stem,VSM,216,0.000000,0.000000,0.000000,0.001536,0.001536,0.000000,1.000000
stem,VSM,217,0.500000,0.333333,0.400000,0.275606,0.500000,0.421753,15.000000
stem,VSM,218,0.100000,0.066667,0.080000,0.123339,0.200000,0.029605,15.000000
stem,VSM,219,0.000000,0.000000,0.000000,0.034638,0.025000,0.000000,18.000000
stem,VSM,220,0.000000,0.000000,0.000000,0.075545,0.055556,0.000000,19.000000
stem,VSM,221,0.100000,0.055556,0.071429,0.105326,0.250000,0.058319,18.000000
stem,VSM,222,0.500000,0.555556,0.526316,0.607844,1.000000,0.639038,9.000000
stem,VSM,223,0.200000,0.500000,0.285714,0.208349,0.250000,0.298254,4.000000
stem,VSM,224,0.000000,0.000000,0.000000,0.070100,0.055556,0.000000,8.000000
stem,VSM,225,0.200000,0.083333,0.117647,0.059801,0.333333,0.085168,24.000000
stem,BM25,1,0.400000,0.142857,0.210526,0.215639,1.000000,0.288311,28.000000
stem,BM25,2,0.400000,0.166667,0.235294,0.223272,1.000000,0.638372,24.000000
stem,BM25,3,0.600000,0.750000,0.666667,0.574466,0.500000,0.653306,8.000000
stem,BM25,4,0.100000,0.500000,0.166667,0.529412,1.000000,0.613147,2.000000
stem,BM25,5,0.300000,0.750000,0.428571,0.327564,0.333333,0.463968,4.000000
stem,BM25,6,0.100000,0.250000,0.142857,0.158571,0.500000,0.161987,4.000000
stem,BM25,7,0.200000,0.400000,0.266667,0.144732,0.250000,0.195553,5.000000
stem,BM25,8,0.100000,0.090909,0.095238,0.156805,1.000000,0.306046,11.000000
stem,BM25,9,0.300000,1.000000,0.461538,0.916667,1.000000,0.967468,3.000000
stem,BM25,10,0.100000,0.125000,0.111111,0.144439,0.500000,0.102958,8.000000
stem,BM25,11,0.200000,0.285714,0.235294,0.149557,0.250000,0.181831,7.000000
stem,BM25,12,0.200000,0.400000,0.266667,0.211264,0.500000,0.260546,5.000000
stem,BM25,13,0.000000,0.000000,0.000000,0.002947,0.002398,0.000000,4.000000
stem,BM25,14,0.100000,0.500000,0.166667,0.583333,1.000000,0.959636,2.000000
stem,BM25,15,0.200000,1.000000,0.333333,1.000000,1.000000,0.737826,2.000000
stem,BM25,16,0.200000,0.666667,0.307692,0.234880,0.333333,0.384252,3.000000
stem,BM25,17,0.100000,0.500000,0.166667,0.061905,0.100000,0.227539,2.000000
stem,BM25,18,0.100000,0.333333,0.153846,0.358371,1.000000,0.469279,3.000000
stem,BM25,19,0.100000,0.111111,0.105263,0.048469,0.111111,0.045032,9.000000
stem,BM25,20,0.400000,0.444444,0.421053,0.477456,0.500000,0.457977,9.000000
stem,BM25,21,0.000000,0.000000,0.000000,0.042648,0.052632,0.000000,4.000000
stem,BM25,22,0.000000,0.000000,0.000000,0.001567,0.001567,0.000000,1.000000
stem,BM25,23,0.300000,0.093750,0.142857,0.132669,0.333333,0.233429,32.000000
stem,BM25,24,0.200000,0.666667,0.307692,0.330303,0.500000,0.551579,3.000000
stem,BM25,25,0.600000,0.666667,0.631579,0.688461,1.000000,0.701134,9.000000
stem,BM25,26,0.200000,0.333333,0.250000,0.229672,0.500000,0.468875,6.000000
stem,BM25,27,0.100000,0.333333,0.153846,0.129211,0.200000,0.111670,3.000000
stem,BM25,28,0.000000,0.000000,0.000000,0.003982,0.003086,0.000000,2.000000
stem,BM25,29,0.500000,0.555556,0.526316,0.498258,1.000000,0.537141,9.000000
stem,BM25,30,0.100000,0.142857,0.117647,0.083978,0.166667,0.132835,7.000000
stem,BM25,31,0.000000,0.000000,0.000000,0.000819,0.000819,0.000000,1.000000
stem,BM25,32,0.200000,0.333333,0.250000,0.107584,0.250000,0.063316,6.000000
stem,BM25,33,0.300000,1.000000,0.461538,0.638889,0.500000,0.634729,3.000000
stem,BM25,34,0.200000,0.333333,0.250000,0.273629,0.500000,0.135138,6.000000
stem,BM25,35,0.000000,0.000000,0.000000,0.015163,0.022727,0.000000,3.000000
stem,BM25,36,0.100000,0.500000,0.166667,0.252331,0.500000,0.212845,2.000000
stem,BM25,37,0.000000,0.000000,0.000000,0.050952,0.033333,0.000000,9.000000
stem,BM25,38,0.000000,0.000000,0.000000,0.060864,0.055556,0.000000,10.000000
stem,BM25,39,0.300000,0.230769,0.260870,0.123622,0.250000,0.183883,13.000000
stem,BM25,40,0.200000,0.166667,0.181818,0.081683,0.250000,0.081328,12.000000
stem,BM25,41,0.300000,1.000000,0.461538,0.777778,1.000000,0.855815,3.000000
stem,BM25,42,0.300000,0.600000,0.400000,0.178429,0.166667,0.367790,5.000000
stem,BM25,43,0.500000,0.833333,0.625000,0.692295,1.000000,0.887114,6.000000
stem,BM25,44,0.000000,0.000000,0.000000,0.002408,0.001414,0.000000,3.000000
stem,BM25,45,0.200000,0.166667,0.181818,0.198766,1.000000,0.394276,12.000000
stem,BM25,46,0.400000,0.266667,0.320000,0.365955,1.000000,0.561719,15.000000
stem,BM25,47,0.500000,0.357143,0.416667,0.373734,0.250000,0.405370,14.000000
stem,BM25,48,0.300000,0.272727,0.285714,0.188053,0.500000,0.374732,11.000000
stem,BM25,49,0.100000,0.500000,0.166667,0.103741,0.166667,0.294311,2.000000
stem,BM25,50,0.100000,0.166667,0.125000,0.100194,0.500000,0.337389,6.000000
stem,BM25,51,0.500000,0.500000,0.500000,0.438166,1.000000,0.445535,10.000000
stem,BM25,52,0.300000,0.750000,0.428571,0.490909,0.500000,0.413994,4.000000
stem,BM25,53,0.100000,0.100000,0.100000,0.241940,1.000000,0.128116,10.000000
stem,BM25,54,0.100000,0.111111,0.105263,0.150548,0.500000,0.284377,9.000000
stem,BM25,55,0.300000,0.300000,0.300000,0.329716,1.000000,0.160327,10.000000
stem,BM25,56,0.200000,0.200000,0.200000,0.173829,0.500000,0.166408,10.000000
stem,BM25,57,0.100000,0.071429,0.083333,0.070410,0.142857,0.170730,14.000000
stem,BM25,58,0.100000,0.111111,0.105263,0.138641,0.200000,0.202424,9.000000
stem,BM25,59,0.200000,0.500000,0.285714,0.115516,0.142857,0.166575,4.000000
stem,BM25,60,0.300000,0.600000,0.400000,0.421199,1.000000,0.401353,5.000000
stem,BM25,61,0.200000,0.400000,0.266667,0.515815,1.000000,0.508140,5.000000
stem,BM25,62,0.000000,0.000000,0.000000,0.020501,0.047619,0.000000,5.000000
stem,BM25,63,0.000000,0.000000,0.000000,0.022658,0.020833,0.000000,3.000000
stem,BM25,64,0.100000,0.500000,0.166667,0.507143,1.000000,0.772538,2.000000
stem,BM25,65,0.400000,0.266667,0.320000,0.192896,0.500000,0.345224,15.000000
stem,BM25,66,0.100000,0.200000,0.133333,0.084586,0.142857,0.151820,5.000000
stem,BM25,67,0.600000,0.428571,0.500000,0.406441,1.000000,0.650500,14.000000
stem,BM25,68,0.100000,0.200000,0.133333,0.066476,0.200000,0.210813,5.000000
stem,BM25,69,0.000000,0.000000,0.000000,0.036859,0.071429,0.000000,5.000000
stem,BM25,70,0.100000,0.100000,0.100000,0.086165,0.200000,0.086519,10.000000
stem,BM25,71,0.100000,0.125000,0.111111,0.056726,0.166667,0.138698,8.000000
stem,BM25,72,0.100000,0.058824,0.074074,0.051542,0.250000,0.143735,17.000000
stem,BM25,73,0.700000,0.350000,0.466667,0.354545,1.000000,0.689746,20.000000
stem,BM25,74,0.100000,0.166667,0.125000,0.125371,0.142857,0.165599,6.000000
stem,BM25,75,0.000000,0.000000,0.000000,0.027025,0.062500,0.000000,5.000000
stem,BM25,76,0.300000,0.428571,0.352941,0.232567,0.500000,0.358991,7.000000
stem,BM25,77,0.300000,0.500000,0.375000,0.295300,0.500000,0.169534,6.000000
stem,BM25,78,0.300000,1.000000,0.461538,0.698413,1.000000,0.721654,3.000000
stem,BM25,79,0.100000,0.200000,0.133333,0.054222,0.166667,0.172072,5.000000
stem,BM25,80,0.000000,0.000000,0.000000,0.010707,0.017241,0.000000,4.000000
stem,BM25,81,0.200000,1.000000,0.333333,1.000000,1.000000,0.669439,2.000000
stem,BM25,82,0.200000,0.400000,0.266667,0.256485,0.500000,0.371430,5.000000
stem,BM25,83,0.100000,0.250000,0.142857,0.100196,0.250000,0.168128,4.000000
stem,BM25,84,0.400000,0.363636,0.380952,0.434624,1.000000,0.285807,11.000000
stem,BM25,85,0.100000,0.250000,0.142857,0.135437,0.500000,0.085228,4.000000
stem,BM25,86,0.200000,1.000000,0.333333,0.583333,0.500000,0.693426,2.000000
stem,BM25,87,0.000000,0.000000,0.000000,0.012082,0.016393,0.000000,8.000000
stem,BM25,88,0.600000,1.000000,0.750000,0.696825,0.500000,0.756391,6.000000
stem,BM25,89,0.100000,0.166667,0.125000,0.216645,0.500000,0.313444,6.000000
stem,BM25,90,0.300000,0.230769,0.260870,0.217197,0.500000,0.159431,13.000000
stem,BM25,91,0.500000,0.555556,0.526316,0.362500,1.000000,0.598512,9.000000
stem,BM25,92,0.600000,0.461538,0.521739,0.538056,1.000000,0.239051,13.000000
stem,BM25,93,0.100000,1.000000,0.181818,0.500000,0.500000,0.630930,1.000000
stem,BM25,94,0.600000,0.500000,0.545455,0.575370,1.000000,0.321964,12.000000
stem,BM25,95,0.200000,1.000000,0.333333,0.392857,0.500000,0.360243,2.000000
stem,BM25,96,0.600000,0.461538,0.521739,0.443300,0.500000,0.453732,13.000000
stem,BM25,97,0.300000,0.300000,0.300000,0.194350,0.500000,0.260359,10.000000
stem,BM25,98,0.000000,0.000000,0.000000,0.020407,0.050000,0.000000,5.000000
stem,BM25,99,0.200000,0.500000,0.285714,0.177964,0.333333,0.421820,4.000000
stem,BM25,100,0.300000,0.333333,0.315789,0.276977,1.000000,0.495573,9.000000
stem,BM25,101,0.500000,0.833333,0.625000,0.665675,1.000000,0.770309,6.000000
stem,BM25,102,0.200000,0.500000,0.285714,0.335236,1.000000,0.343651,4.000000
stem,BM25,103,0.000000,0.000000,0.000000,0.027508,0.052632,0.000000,2.000000
stem,BM25,104,0.100000,0.200000,0.133333,0.115196,0.250000,0.146068,5.000000
stem,BM25,105,0.300000,0.600000,0.400000,0.425579,0.500000,0.570575,5.000000
stem,BM25,106,0.300000,0.600000,0.400000,0.442663,1.000000,0.752046,5.000000
stem,BM25,107,0.400000,0.571429,0.470588,0.316364,0.500000,0.392798,7.000000
stem,BM25,108,0.500000,0.714286,0.588235,0.782993,1.000000,0.836884,7.000000
stem,BM25,109,0.000000,0.000000,0.000000,0.038385,0.025641,0.000000,5.000000
stem,BM25,110,0.100000,0.250000,0.142857,0.110073,0.333333,0.284149,4.000000
stem,BM25,111,0.300000,0.428571,0.352941,0.291065,0.500000,0.201042,7.000000
stem,BM25,112,0.100000,0.500000,0.166667,0.290000,0.500000,0.173765,2.000000
stem,BM25,113,0.100000,0.250000,0.142857,0.148472,0.333333,0.195190,4.000000
stem,BM25,114,0.100000,0.250000,0.142857,0.059244,0.100000,0.195239,4.000000
stem,BM25,115,0.100000,0.250000,0.142857,0.075218,0.250000,0.225871,4.000000
stem,BM25,116,0.100000,0.200000,0.133333,0.062500,0.250000,0.064371,5.000000
stem,BM25,117,0.000000,0.000000,0.000000,0.030303,0.030303,0.000000,2.000000
stem,BM25,118,0.200000,0.666667,0.307692,0.226012,0.250000,0.401749,3.000000
stem,BM25,119,0.100000,1.000000,0.181818,1.000000,1.000000,1.000000,1.000000
stem,BM25,120,0.300000,0.333333,0.315789,0.383697,0.500000,0.393594,9.000000
stem,BM25,121,0.400000,0.571429,0.470588,0.487013,0.500000,0.503476,7.000000
stem,BM25,122,0.100000,0.111111,0.105263,0.106246,0.142857,0.015790,9.000000
stem,BM25,123,0.000000,0.000000,0.000000,0.047619,0.047619,0.000000,2.000000
stem,BM25,124,0.000000,0.000000,0.000000,0.003060,0.003289,0.000000,4.000000
stem,BM25,125,0.300000,0.176471,0.222222,0.279448,1.000000,0.417439,17.000000
stem,BM25,126,0.200000,0.250000,0.222222,0.222609,1.000000,0.571145,8.000000
stem,BM25,127,0.100000,0.200000,0.133333,0.098281,0.250000,0.094075,5.000000
stem,BM25,128,0.000000,0.000000,0.000000,0.023205,0.040000,0.000000,2.000000
stem,BM25,129,0.400000,0.571429,0.470588,0.418812,0.500000,0.543526,7.000000
stem,BM25,130,0.400000,0.800000,0.533333,0.570952,1.000000,0.674216,5.000000
stem,BM25,131,0.200000,0.250000,0.222222,0.307115,0.166667,0.073373,8.000000
stem,BM25,132,0.700000,0.466667,0.560000,0.682129,1.000000,0.320480,15.000000
stem,BM25,133,0.200000,0.285714,0.235294,0.266128,0.200000,0.312835,7.000000
stem,BM25,134,0.100000,0.500000,0.166667,0.277027,0.500000,0.212845,2.000000
stem,BM25,135,0.600000,0.750000,0.666667,0.638194,1.000000,0.392718,8.000000
stem,BM25,136,0.100000,0.333333,0.153846,0.411181,1.000000,0.929891,3.000000
stem,BM25,137,0.200000,0.500000,0.285714,0.224826,0.500000,0.242981,4.000000
stem,BM25,138,0.100000,0.500000,0.166667,0.137037,0.200000,0.237198,2.000000
stem,BM25,139,0.000000,0.000000,0.000000,0.007947,0.012048,0.000000,4.000000
stem,BM25,140,0.200000,0.333333,0.250000,0.173035,0.500000,0.481270,6.000000
stem,BM25,141,0.200000,0.333333,0.250000,0.134395,0.250000,0.233279,6.000000
stem,BM25,142,0.000000,0.000000,0.000000,0.083333,0.083333,0.000000,1.000000
stem,BM25,143,0.200000,1.000000,0.333333,0.611111,1.000000,0.797723,2.000000
stem,BM25,144,0.300000,0.500000,0.375000,0.371115,0.500000,0.345441,6.000000
stem,BM25,145,0.400000,0.571429,0.470588,0.295223,0.500000,0.496626,7.000000
stem,BM25,146,0.200000,1.000000,0.333333,0.583333,0.500000,0.556024,2.000000
stem,BM25,147,0.300000,0.300000,0.300000,0.256337,0.500000,0.340343,10.000000
stem,BM25,148,0.200000,0.333333,0.250000,0.210152,0.500000,0.403046,6.000000
stem,BM25,149,0.300000,0.272727,0.285714,0.291483,1.000000,0.364744,11.000000
stem,BM25,150,0.200000,1.000000,0.333333,0.833333,1.000000,0.919721,2.000000
stem,BM25,151,0.000000,0.000000,0.000000,0.030309,0.040000,0.000000,5.000000
stem,BM25,152,0.000000,0.000000,0.000000,0.012613,0.026316,0.000000,6.000000
stem,BM25,153,0.300000,0.428571,0.352941,0.314829,0.500000,0.292380,7.000000
stem,BM25,154,0.200000,1.000000,0.333333,0.700000,1.000000,0.641865,2.000000
stem,BM25,155,0.100000,0.166667,0.125000,0.135831,0.500000,0.079779,6.000000
stem,BM25,156,0.700000,0.500000,0.583333,0.485437,1.000000,0.332432,14.000000
stem,BM25,157,0.600000,0.153846,0.244898,0.352048,0.500000,0.457972,39.000000
stem,BM25,158,0.300000,0.375000,0.333333,0.375532,1.000000,0.751494,8.000000
stem,BM25,159,0.200000,0.250000,0.222222,0.072870,0.125000,0.118096,8.000000
stem,BM25,160,0.100000,0.200000,0.133333,0.118250,0.500000,0.262511,5.000000
stem,BM25,161,0.300000,0.500000,0.375000,0.529632,1.000000,0.797006,6.000000
stem,BM25,162,0.200000,0.250000,0.222222,0.200575,0.500000,0.122379,8.000000
stem,BM25,163,0.200000,0.666667,0.307692,0.228715,0.250000,0.383649,3.000000
stem,BM25,164,0.400000,0.500000,0.444444,0.463513,1.000000,0.672257,8.000000
stem,BM25,165,0.200000,1.000000,0.333333,0.583333,0.500000,0.693426,2.000000
stem,BM25,166,0.000000,0.000000,0.000000,0.033703,0.071429,0.000000,8.000000
stem,BM25,167,0.200000,1.000000,0.333333,0.750000,1.000000,0.932444,2.000000
stem,BM25,168,0.100000,0.500000,0.166667,0.076389,0.111111,0.184576,2.000000
stem,BM25,169,0.200000,0.500000,0.285714,0.267945,0.500000,0.414430,4.000000
stem,BM25,170,0.400000,0.666667,0.500000,0.536700,1.000000,0.747396,6.000000
stem,BM25,171,0.300000,1.000000,0.461538,0.638889,0.500000,0.657913,3.000000
stem,BM25,172,0.400000,1.000000,0.571429,0.679167,0.500000,0.712377,4.000000
stem,BM25,173,0.200000,1.000000,0.333333,1.000000,1.000000,1.000000,2.000000
stem,BM25,174,0.100000,0.200000,0.133333,0.058013,0.125000,0.133802,5.000000
stem,BM25,175,0.100000,0.200000,0.133333,0.048226,0.111111,0.121319,5.000000
stem,BM25,176,0.000000,0.000000,0.000000,0.046167,0.062500,0.000000,7.000000
stem,BM25,177,0.300000,0.600000,0.400000,0.641775,1.000000,0.805038,5.000000
stem,BM25,178,0.200000,0.500000,0.285714,0.443657,1.000000,0.861572,4.000000
stem,BM25,179,0.200000,0.500000,0.285714,0.316238,0.500000,0.441492,4.000000
stem,BM25,180,0.300000,0.428571,0.352941,0.394012,0.500000,0.419019,7.000000
stem,BM25,181,0.200000,0.400000,0.266667,0.269551,1.000000,0.294040,5.000000
stem,BM25,182,0.200000,1.000000,0.333333,0.583333,0.500000,0.649031,2.000000
stem,BM25,183,0.600000,0.461538,0.521739,0.406908,1.000000,0.587449,13.000000
stem,BM25,184,0.200000,0.285714,0.235294,0.313922,1.000000,0.406014,7.000000
stem,BM25,185,0.600000,0.666667,0.631579,0.824710,1.000000,0.811206,9.000000
stem,BM25,186,0.300000,0.187500,0.230769,0.163208,0.500000,0.299905,16.000000
stem,BM25,187,0.100000,0.166667,0.125000,0.139241,0.500000,0.205703,6.000000
stem,BM25,188,0.400000,0.363636,0.380952,0.399724,1.000000,0.536616,11.000000
stem,BM25,189,0.300000,0.333333,0.315789,0.148447,0.200000,0.115016,9.000000
stem,BM25,190,0.200000,0.400000,0.266667,0.331938,1.000000,0.274295,5.000000
stem,BM25,191,0.200000,0.153846,0.173913,0.337066,0.142857,0.050593,13.000000
stem,BM25,192,0.300000,0.750000,0.428571,0.510417,0.500000,0.609620,4.000000
stem,BM25,193,0.800000,0.888889,0.842105,0.821591,1.000000,0.868679,9.000000
stem,BM25,194,0.200000,0.333333,0.250000,0.231497,0.333333,0.190675,6.000000
stem,BM25,195,0.100000,0.333333,0.153846,0.098171,0.166667,0.167160,3.000000
stem,BM25,196,0.300000,0.250000,0.272727,0.141309,0.500000,0.264295,12.000000
stem,BM25,197,0.200000,0.666667,0.307692,0.614379,1.000000,0.625434,3.000000
stem,BM25,198,0.300000,0.750000,0.428571,0.502128,1.000000,0.703524,4.000000
stem,BM25,199,0.200000,0.250000,0.222222,0.075634,0.111111,0.101436,8.000000
stem,BM25,200,0.200000,0.666667,0.307692,0.251634,0.333333,0.401800,3.000000
stem,BM25,201,0.500000,0.312500,0.384615,0.327863,1.000000,0.636247,16.000000
stem,BM25,202,0.300000,0.214286,0.250000,0.214933,0.500000,0.187876,14.000000
stem,BM25,203,0.300000,0.214286,0.250000,0.209926,1.000000,0.490038,14.000000
stem,BM25,204,0.000000,0.000000,0.000000,0.040146,0.062500,0.000000,14.000000
stem,BM25,205,0.200000,1.000000,0.333333,0.700000,1.000000,0.850345,2.000000
stem,BM25,206,0.200000,0.666667,0.307692,0.263788,0.500000,0.522575,3.000000
stem,BM25,207,0.100000,0.200000,0.133333,0.176973,0.500000,0.302596,5.000000
stem,BM25,208,0.600000,1.000000,0.750000,0.716667,0.500000,0.766000,6.000000
stem,BM25,209,0.100000,0.083333,0.090909,0.131066,0.333333,0.081774,12.000000
stem,BM25,210,0.200000,0.333333,0.250000,0.341042,1.000000,0.492365,6.000000
stem,BM25,211,0.100000,0.090909,0.095238,0.145566,0.333333,0.029474,11.000000
stem,BM25,212,0.600000,0.428571,0.500000,0.502284,1.000000,0.601985,14.000000
stem,BM25,213,0.500000,0.454545,0.476190,0.561931,1.000000,0.527856,11.000000
stem,BM25,214,0.100000,0.250000,0.142857,0.150653,0.500000,0.246302,4.000000
stem,BM25,215,0.000000,0.000000,0.000000,0.046635,0.062500,0.000000,2.000000
stem,BM25,216,0.000000,0.000000,0.000000,0.001541,0.001541,0.000000,1.000000
stem,BM25,217,0.300000,0.200000,0.240000,0.249426,1.000000,0.329055,15.000000
stem,BM25,218,0.300000,0.200000,0.240000,0.252482,0.500000,0.297411,15.000000
stem,BM25,219,0.000000,0.000000,0.000000,0.032314,0.014085,0.000000,18.000000
stem,BM25,220,0.200000,0.105263,0.137931,0.202888,1.000000,0.180156,19.000000
stem,BM25,221,0.300000,0.166667,0.214286,0.258505,1.000000,0.288556,18.000000
stem,BM25,222,0.600000,0.666667,0.631579,0.757491,1.000000,0.765397,9.000000
stem,BM25,223,0.300000,0.750000,0.428571,0.500906,0.500000,0.609620,4.000000
stem,BM25,224,0.100000,0.125000,0.111111,0.122330,0.142857,0.089051,8.000000
stem,BM25,225,0.300000,0.125000,0.176471,0.074887,0.500000,0.112760,24.000000
stop_stem,VSM,1,0.400000,0.142857,0.210526,0.169013,0.333333,0.227722,28.000000
stop_stem,VSM,2,0.400000,0.166667,0.235294,0.253338,1.000000,0.663997,24.000000
stop_stem,VSM,3,0.700000,0.875000,0.777778,0.633000,0.500000,0.735860,8.000000
stop_stem,VSM,4,0.100000,0.500000,0.166667,0.540000,1.000000,0.613147,2.000000
stop_stem,VSM,5,0.300000,0.750000,0.428571,0.284821,0.250000,0.453210,4.000000
stop_stem,VSM,6,0.100000,0.250000,0.142857,0.087258,0.250000,0.110573,4.000000
stop_stem,VSM,7,0.200000,0.400000,0.266667,0.136124,0.250000,0.195553,5.000000
stop_stem,VSM,8,0.100000,0.090909,0.095238,0.101149,0.125000,0.096547,11.000000
stop_stem,VSM,9,0.300000,1.000000,0.461538,0.700000,1.000000,0.852928,3.000000
stop_stem,VSM,10,0.300000,0.375000,0.333333,0.185886,0.500000,0.277470,8.000000
stop_stem,VSM,11,0.100000,0.142857,0.117647,0.117227,0.250000,0.049157,7.000000
stop_stem,VSM,12,0.200000,0.400000,0.266667,0.324427,1.000000,0.502686,5.000000
stop_stem,VSM,13,0.000000,0.000000,0.000000,0.007837,0.004808,0.000000,4.000000
stop_stem,VSM,14,0.200000,1.000000,0.333333,0.750000,1.000000,0.987189,2.000000
stop_stem,VSM,15,0.200000,1.000000,0.333333,0.625000,1.000000,0.457708,2.000000
stop_stem,VSM,16,0.100000,0.333333,0.153846,0.177815,0.500000,0.182125,3.000000
stop_stem,VSM,17,0.100000,0.500000,0.166667,0.513158,1.000000,0.787155,2.000000
stop_stem,VSM,18,0.100000,0.333333,0.153846,0.128412,0.333333,0.234639,3.000000
stop_stem,VSM,19,0.100000,0.111111,0.105263,0.031449,0.100000,0.100899,9.000000
stop_stem,VSM,20,0.500000,0.555556,0.526316,0.495882,0.500000,0.485748,9.000000
stop_stem,VSM,21,0.100000,0.250000,0.142857,0.097197,0.166667,0.102999,4.000000
stop_stem,VSM,22,0.000000,0.000000,0.000000,0.001647,0.001647,0.000000,1.000000
stop_stem,VSM,23,0.400000,0.125000,0.190476,0.221358,0.500000,0.344358,32.000000
stop_stem,VSM,24,0.200000,0.666667,0.307692,0.251156,0.333333,0.480623,3.000000
stop_stem,VSM,25,0.500000,0.555556,0.526316,0.625719,1.000000,0.606639,9.000000
stop_stem,VSM,26,0.200000,0.333333,0.250000,0.119961,0.166667,0.267525,6.000000
stop_stem,VSM,27,0.100000,0.333333,0.153846,0.129713,0.200000,0.260562,3.000000
stop_stem,VSM,28,0.000000,0.000000,0.000000,0.004950,0.004329,0.000000,2.000000
stop_stem,VSM,29,0.500000,0.555556,0.526316,0.540401,1.000000,0.565599,9.000000
stop_stem,VSM,30,0.100000,0.142857,0.117647,0.109228,0.333333,0.186457,7.000000
stop_stem,VSM,31,0.000000,0.000000,0.000000,0.000999,0.000999,0.000000,1.000000
stop_stem,VSM,32,0.100000,0.166667,0.125000,0.078158,0.250000,0.034654,6.000000
stop_stem,VSM,33,0.300000,1.000000,0.461538,0.337302,0.250000,0.499553,3.000000
stop_stem,VSM,34,0.100000,0.166667,0.125000,0.165099,0.142857,0.045633,6.000000
stop_stem,VSM,35,0.000000,0.000000,0.000000,0.029071,0.045455,0.000000,3.000000
stop_stem,VSM,36,0.100000,0.500000,0.166667,0.064405,0.125000,0.106423,2.000000
stop_stem,VSM,37,0.200000,0.222222,0.210526,0.081474,0.142857,0.098671,9.000000
stop_stem,VSM,38,0.000000,0.000000,0.000000,0.037061,0.055556,0.000000,10.000000
stop_stem,VSM,39,0.200000,0.153846,0.173913,0.145616,0.500000,0.202593,13.000000
stop_stem,VSM,40,0.100000,0.083333,0.090909,0.053603,0.142857,0.035483,12.000000
stop_stem,VSM,41,0.300000,1.000000,0.461538,0.777778,1.000000,0.855815,3.000000
stop_stem,VSM,42,0.200000,0.400000,0.266667,0.136527,0.125000,0.150235,5.000000
stop_stem,VSM,43,0.400000,0.666667,0.500000,0.520449,1.000000,0.774284,6.000000
stop_stem,VSM,44,0.000000,0.000000,0.000000,0.002488,0.001355,0.000000,3.000000
stop_stem,VSM,45,0.200000,0.166667,0.181818,0.213543,1.000000,0.496901,12.000000
stop_stem,VSM,46,0.400000,0.266667,0.320000,0.296019,1.000000,0.508490,15.000000
stop_stem,VSM,47,0.400000,0.285714,0.333333,0.319216,0.250000,0.308761,14.000000
stop_stem,VSM,48,0.300000,0.272727,0.285714,0.184251,0.500000,0.413121,11.000000
stop_stem,VSM,49,0.100000,0.500000,0.166667,0.290000,0.500000,0.521296,2.000000
stop_stem,VSM,50,0.100000,0.166667,0.125000,0.068063,0.333333,0.267375,6.000000
stop_stem,VSM,51,0.300000,0.300000,0.300000,0.358307,1.000000,0.239418,10.000000
stop_stem,VSM,52,0.400000,1.000000,0.571429,0.604167,0.500000,0.609488,4.000000
stop_stem,VSM,53,0.200000,0.200000,0.200000,0.296190,1.000000,0.192174,10.000000
stop_stem,VSM,54,0.200000,0.222222,0.210526,0.110179,0.333333,0.283513,9.000000
stop_stem,VSM,55,0.200000,0.200000,0.200000,0.120210,0.250000,0.128834,10.000000
stop_stem,VSM,56,0.200000,0.200000,0.200000,0.099657,0.200000,0.108302,10.000000
stop_stem,VSM,57,0.000000,0.000000,0.000000,0.067507,0.083333,0.000000,14.000000
stop_stem,VSM,58,0.000000,0.000000,0.000000,0.112092,0.090909,0.000000,9.000000
stop_stem,VSM,59,0.100000,0.250000,0.142857,0.110008,0.250000,0.110573,4.000000
stop_stem,VSM,60,0.300000,0.600000,0.400000,0.570068,1.000000,0.419217,5.000000
stop_stem,VSM,61,0.300000,0.600000,0.400000,0.465263,1.000000,0.583983,5.000000
stop_stem,VSM,62,0.000000,0.000000,0.000000,0.023910,0.045455,0.000000,5.000000
stop_stem,VSM,63,0.000000,0.000000,0.000000,0.029871,0.021739,0.000000,3.000000
stop_stem,VSM,64,0.200000,1.000000,0.333333,0.625000,1.000000,0.886269,2.000000
stop_stem,VSM,65,0.500000,0.333333,0.400000,0.377865,1.000000,0.551364,15.000000
stop_stem,VSM,66,0.200000,0.400000,0.266667,0.125072,0.200000,0.328016,5.000000
stop_stem,VSM,67,0.600000,0.428571,0.500000,0.538572,1.000000,0.622308,14.000000
stop_stem,VSM,68,0.100000,0.200000,0.133333,0.066235,0.111111,0.164044,5.000000
stop_stem,VSM,69,0.000000,0.000000,0.000000,0.017802,0.020833,0.000000,5.000000
stop_stem,VSM,70,0.000000,0.000000,0.000000,0.041352,0.024390,0.000000,10.000000
stop_stem,VSM,71,0.000000,0.000000,0.000000,0.036007,0.047619,0.000000,8.000000
stop_stem,VSM,72,0.200000,0.117647,0.148148,0.116861,0.333333,0.228473,17.000000
stop_stem,VSM,73,0.500000,0.250000,0.333333,0.346144,1.000000,0.661714,20.000000
stop_stem,VSM,74,0.000000,0.000000,0.000000,0.075878,0.058824,0.000000,6.000000
stop_stem,VSM,75,0.100000,0.200000,0.133333,0.065367,0.250000,0.100583,5.000000
stop_stem,VSM,76,0.100000,0.142857,0.117647,0.182593,1.000000,0.172041,7.000000
stop_stem,VSM,77,0.300000,0.500000,0.375000,0.341578,0.500000,0.160013,6.000000
stop_stem,VSM,78,0.300000,1.000000,0.461538,0.588889,0.500000,0.587018,3.000000
stop_stem,VSM,79,0.000000,0.000000,0.000000,0.058784,0.071429,0.000000,5.000000
stop_stem,VSM,80,0.000000,0.000000,0.000000,0.013460,0.011905,0.000000,4.000000
stop_stem,VSM,81,0.200000,1.000000,0.333333,0.266667,0.333333,0.498311,2.000000
stop_stem,VSM,82,0.200000,0.400000,0.266667,0.424351,1.000000,0.482560,5.000000
stop_stem,VSM,83,0.100000,0.250000,0.142857,0.106740,0.333333,0.195190,4.000000
stop_stem,VSM,84,0.300000,0.272727,0.285714,0.288386,1.000000,0.197271,11.000000
stop_stem,VSM,85,0.100000,0.250000,0.142857,0.261268,1.000000,0.135083,4.000000
stop_stem,VSM,86,0.200000,1.000000,0.333333,0.375000,0.500000,0.580279,2.000000
stop_stem,VSM,87,0.000000,0.000000,0.000000,0.011019,0.012195,0.000000,8.000000
stop_stem,VSM,88,0.600000,1.000000,0.750000,0.841667,1.000000,0.811624,6.000000
stop_stem,VSM,89,0.100000,0.166667,0.125000,0.132004,0.250000,0.213959,6.000000
stop_stem,VSM,90,0.200000,0.153846,0.173913,0.153943,0.333333,0.058763,13.000000
stop_stem,VSM,91,0.200000,0.222222,0.210526,0.181428,0.250000,0.230897,9.000000
stop_stem,VSM,92,0.700000,0.538462,0.608696,0.601431,1.000000,0.321270,13.000000
stop_stem,VSM,93,0.100000,1.000000,0.181818,0.500000,0.500000,0.630930,1.000000
stop_stem,VSM,94,0.500000,0.416667,0.454545,0.516417,1.000000,0.316971,12.000000
stop_stem,VSM,95,0.100000,0.500000,0.166667,0.187500,0.250000,0.027553,2.000000
stop_stem,VSM,96,0.500000,0.384615,0.434783,0.327183,0.500000,0.250323,13.000000
stop_stem,VSM,97,0.300000,0.300000,0.300000,0.194071,0.333333,0.236221,10.000000
stop_stem,VSM,98,0.000000,0.000000,0.000000,0.017214,0.018519,0.000000,5.000000
stop_stem,VSM,99,0.200000,0.500000,0.285714,0.231390,0.500000,0.459141,4.000000
stop_stem,VSM,100,0.300000,0.333333,0.315789,0.184020,0.250000,0.286394,9.000000
stop_stem,VSM,101,0.500000,0.833333,0.625000,0.602646,1.000000,0.749541,6.000000
stop_stem,VSM,102,0.200000,0.500000,0.285714,0.453459,1.000000,0.491868,4.000000
stop_stem,VSM,103,0.000000,0.000000,0.000000,0.036734,0.071429,0.000000,2.000000
stop_stem,VSM,104,0.200000,0.400000,0.266667,0.175371,0.250000,0.277273,5.000000
stop_stem,VSM,105,0.300000,0.600000,0.400000,0.465528,1.000000,0.779274,5.000000
stop_stem,VSM,106,0.200000,0.400000,0.266667,0.261543,0.500000,0.422109,5.000000
stop_stem,VSM,107,0.300000,0.428571,0.352941,0.317130,0.500000,0.342296,7.000000
stop_stem,VSM,108,0.600000,0.857143,0.705882,0.820068,1.000000,0.777944,7.000000
stop_stem,VSM,109,0.000000,0.000000,0.000000,0.028329,0.019231,0.000000,5.000000
stop_stem,VSM,110,0.100000,0.250000,0.142857,0.275107,1.000000,0.568298,4.000000
stop_stem,VSM,111,0.400000,0.571429,0.470588,0.321231,0.250000,0.375127,7.000000
stop_stem,VSM,112,0.100000,0.500000,0.166667,0.183333,0.333333,0.137706,2.000000
stop_stem,VSM,113,0.200000,0.500000,0.285714,0.513820,1.000000,0.636682,4.000000
stop_stem,VSM,114,0.100000,0.250000,0.142857,0.101072,0.333333,0.337708,4.000000
stop_stem,VSM,115,0.000000,0.000000,0.000000,0.011930,0.025641,0.000000,4.000000
stop_stem,VSM,116,0.100000,0.200000,0.133333,0.045203,0.125000,0.047151,5.000000
stop_stem,VSM,117,0.000000,0.000000,0.000000,0.030146,0.023256,0.000000,2.000000
stop_stem,VSM,118,0.100000,0.333333,0.153846,0.126781,0.111111,0.202757,3.000000
stop_stem,VSM,119,0.100000,1.000000,0.181818,1.000000,1.000000,1.000000,1.000000
stop_stem,VSM,120,0.500000,0.555556,0.526316,0.443225,0.500000,0.549517,9.000000
stop_stem,VSM,121,0.400000,0.571429,0.470588,0.631498,1.000000,0.553469,7.000000
stop_stem,VSM,122,0.400000,0.444444,0.421053,0.312673,0.333333,0.216931,9.000000
stop_stem,VSM,123,0.000000,0.000000,0.000000,0.064394,0.083333,0.000000,2.000000
stop_stem,VSM,124,0.000000,0.000000,0.000000,0.003868,0.004255,0.000000,4.000000
stop_stem,VSM,125,0.400000,0.235294,0.296296,0.202469,0.333333,0.337301,17.000000
stop_stem,VSM,126,0.200000,0.250000,0.222222,0.163169,0.500000,0.430617,8.000000
stop_stem,VSM,127,0.100000,0.200000,0.133333,0.063373,0.250000,0.094075,5.000000
stop_stem,VSM,128,0.000000,0.000000,0.000000,0.011984,0.018519,0.000000,2.000000
stop_stem,VSM,129,0.500000,0.714286,0.588235,0.488163,0.500000,0.599956,7.000000
stop_stem,VSM,130,0.300000,0.600000,0.400000,0.340000,0.500000,0.431813,5.000000
stop_stem,VSM,131,0.100000,0.125000,0.111111,0.272837,0.125000,0.017769,8.000000
stop_stem,VSM,132,0.700000,0.466667,0.560000,0.686359,0.500000,0.523069,15.000000
stop_stem,VSM,133,0.100000,0.142857,0.117647,0.225486,0.142857,0.197746,7.000000
stop_stem,VSM,134,0.100000,0.500000,0.166667,0.280303,0.500000,0.212845,2.000000
stop_stem,VSM,135,0.400000,0.500000,0.444444,0.540412,1.000000,0.349121,8.000000
stop_stem,VSM,136,0.100000,0.333333,0.153846,0.392361,1.000000,0.929891,3.000000
stop_stem,VSM,137,0.200000,0.500000,0.285714,0.210584,0.250000,0.209895,4.000000
stop_stem,VSM,138,0.100000,0.500000,0.166667,0.120000,0.200000,0.237198,2.000000
stop_stem,VSM,139,0.000000,0.000000,0.000000,0.010299,0.012346,0.000000,4.000000
stop_stem,VSM,140,0.200000,0.333333,0.250000,0.144350,0.500000,0.440688,6.000000
stop_stem,VSM,141,0.200000,0.333333,0.250000,0.172190,0.500000,0.275491,6.000000
stop_stem,VSM,142,0.100000,1.000000,0.181818,0.125000,0.125000,0.315465,1.000000
stop_stem,VSM,143,0.100000,0.500000,0.166667,0.340909,0.500000,0.386853,2.000000
stop_stem,VSM,144,0.400000,0.666667,0.500000,0.564153,1.000000,0.754551,6.000000
stop_stem,VSM,145,0.400000,0.571429,0.470588,0.467242,1.000000,0.585944,7.000000
stop_stem,VSM,146,0.200000,1.000000,0.333333,0.750000,1.000000,0.560011,2.000000
stop_stem,VSM,147,0.200000,0.200000,0.200000,0.275362,1.000000,0.335234,10.000000
stop_stem,VSM,148,0.300000,0.500000,0.375000,0.450060,1.000000,0.677152,6.000000
stop_stem,VSM,149,0.300000,0.272727,0.285714,0.329883,1.000000,0.378501,11.000000
stop_stem,VSM,150,0.200000,1.000000,0.333333,0.833333,1.000000,0.919721,2.000000
stop_stem,VSM,151,0.000000,0.000000,0.000000,0.032786,0.033333,0.000000,5.000000
stop_stem,VSM,152,0.000000,0.000000,0.000000,0.025260,0.090909,0.000000,6.000000
stop_stem,VSM,153,0.400000,0.571429,0.470588,0.268099,0.333333,0.356489,7.000000
stop_stem,VSM,154,0.200000,1.000000,0.333333,0.416667,0.500000,0.493236,2.000000
stop_stem,VSM,155,0.300000,0.500000,0.375000,0.381891,1.000000,0.219511,6.000000
stop_stem,VSM,156,0.600000,0.428571,0.500000,0.495128,1.000000,0.326500,14.000000
stop_stem,VSM,157,0.600000,0.153846,0.244898,0.333957,0.500000,0.246604,39.000000
stop_stem,VSM,158,0.300000,0.375000,0.333333,0.318910,1.000000,0.716098,8.000000
stop_stem,VSM,159,0.100000,0.125000,0.111111,0.079963,0.250000,0.040773,8.000000
stop_stem,VSM,160,0.100000,0.200000,0.133333,0.125663,0.500000,0.262511,5.000000
stop_stem,VSM,161,0.300000,0.500000,0.375000,0.522850,1.000000,0.744464,6.000000
stop_stem,VSM,162,0.200000,0.250000,0.222222,0.170508,0.500000,0.117680,8.000000
stop_stem,VSM,163,0.200000,0.666667,0.307692,0.188530,0.200000,0.348702,3.000000
stop_stem,VSM,164,0.300000,0.375000,0.333333,0.321313,0.500000,0.426329,8.000000
stop_stem,VSM,165,0.200000,1.000000,0.333333,0.366667,0.333333,0.543771,2.000000
stop_stem,VSM,166,0.000000,0.000000,0.000000,0.022547,0.029412,0.000000,8.000000
stop_stem,VSM,167,0.200000,1.000000,0.333333,0.225000,0.250000,0.436526,2.000000
stop_stem,VSM,168,0.100000,0.500000,0.166667,0.166667,0.200000,0.237198,2.000000
stop_stem,VSM,169,0.200000,0.500000,0.285714,0.187195,0.200000,0.274171,4.000000
stop_stem,VSM,170,0.500000,0.833333,0.625000,0.604119,1.000000,0.800152,6.000000
stop_stem,VSM,171,0.300000,1.000000,0.461538,0.305556,0.250000,0.484871,3.000000
stop_stem,VSM,172,0.400000,1.000000,0.571429,0.770833,1.000000,0.881596,4.000000
stop_stem,VSM,173,0.200000,1.000000,0.333333,0.583333,0.500000,0.693426,2.000000
stop_stem,VSM,174,0.200000,0.400000,0.266667,0.184637,0.500000,0.408984,5.000000
stop_stem,VSM,175,0.200000,0.400000,0.266667,0.077313,0.111111,0.237817,5.000000
stop_stem,VSM,176,0.000000,0.000000,0.000000,0.036020,0.031250,0.000000,7.000000
stop_stem,VSM,177,0.500000,1.000000,0.666667,0.759524,1.000000,0.656602,5.000000
stop_stem,VSM,178,0.200000,0.500000,0.285714,0.500000,1.000000,0.925746,4.000000
stop_stem,VSM,179,0.200000,0.500000,0.285714,0.199514,0.333333,0.346210,4.000000
stop_stem,VSM,180,0.300000,0.428571,0.352941,0.496002,1.000000,0.353786,7.000000
stop_stem,VSM,181,0.100000,0.200000,0.133333,0.253234,1.000000,0.172721,5.000000
stop_stem,VSM,182,0.200000,1.000000,0.333333,0.583333,0.500000,0.649031,2.000000
stop_stem,VSM,183,0.800000,0.615385,0.695652,0.683781,1.000000,0.643335,13.000000
stop_stem,VSM,184,0.200000,0.285714,0.235294,0.202858,0.500000,0.272840,7.000000
stop_stem,VSM,185,0.600000,0.666667,0.631579,0.662765,1.000000,0.592641,9.000000
stop_stem,VSM,186,0.300000,0.187500,0.230769,0.216106,1.000000,0.437352,16.000000
stop_stem,VSM,187,0.200000,0.333333,0.250000,0.259328,0.500000,0.368718,6.000000
stop_stem,VSM,188,0.400000,0.363636,0.380952,0.439879,1.000000,0.522242,11.000000
stop_stem,VSM,189,0.100000,0.111111,0.105263,0.074165,0.125000,0.045752,9.000000
stop_stem,VSM,190,0.400000,0.800000,0.533333,0.719841,1.000000,0.655042,5.000000
stop_stem,VSM,191,0.300000,0.230769,0.260870,0.390568,0.333333,0.081237,13.000000
stop_stem,VSM,192,0.300000,0.750000,0.428571,0.500000,0.500000,0.609620,4.000000
stop_stem,VSM,193,0.700000,0.777778,0.736842,0.749867,1.000000,0.610708,9.000000
stop_stem,VSM,194,0.000000,0.000000,0.000000,0.075621,0.062500,0.000000,6.000000
stop_stem,VSM,195,0.000000,0.000000,0.000000,0.036159,0.043478,0.000000,3.000000
stop_stem,VSM,196,0.300000,0.250000,0.272727,0.122736,0.333333,0.176878,12.000000
stop_stem,VSM,197,0.200000,0.666667,0.307692,0.729167,1.000000,0.713621,3.000000
stop_stem,VSM,198,0.300000,0.750000,0.428571,0.497727,1.000000,0.701309,4.000000
stop_stem,VSM,199,0.100000,0.125000,0.111111,0.089940,0.125000,0.054228,8.000000
stop_stem,VSM,200,0.100000,0.333333,0.153846,0.178338,0.333333,0.234639,3.000000
stop_stem,VSM,201,0.300000,0.187500,0.230769,0.315455,1.000000,0.481677,16.000000
stop_stem,VSM,202,0.200000,0.142857,0.166667,0.122113,0.250000,0.037049,14.000000
stop_stem,VSM,203,0.100000,0.071429,0.083333,0.080799,0.333333,0.126908,14.000000
stop_stem,VSM,204,0.100000,0.071429,0.083333,0.046577,0.166667,0.154007,14.000000
stop_stem,VSM,205,0.100000,0.500000,0.166667,0.326923,0.500000,0.386853,2.000000
stop_stem,VSM,206,0.200000,0.666667,0.307692,0.245915,0.333333,0.480623,3.000000
stop_stem,VSM,207,0.300000,0.600000,0.400000,0.335127,1.000000,0.561284,5.000000
stop_stem,VSM,208,0.400000,0.666667,0.500000,0.514886,0.500000,0.647427,6.000000
stop_stem,VSM,209,0.100000,0.083333,0.090909,0.089767,0.142857,0.018172,12.000000
stop_stem,VSM,210,0.200000,0.333333,0.250000,0.335224,1.000000,0.643862,6.000000
stop_stem,VSM,211,0.100000,0.090909,0.095238,0.119270,0.125000,0.018596,11.000000
stop_stem,VSM,212,0.500000,0.357143,0.416667,0.457855,1.000000,0.562605,14.000000
stop_stem,VSM,213,0.500000,0.454545,0.476190,0.418564,0.500000,0.490758,11.000000
stop_stem,VSM,214,0.100000,0.250000,0.142857,0.172261,0.500000,0.246302,4.000000
stop_stem,VSM,215,0.000000,0.000000,0.000000,0.041888,0.062500,0.000000,2.000000
stop_stem,VSM,216,0.000000,0.000000,0.000000,0.002257,0.002257,0.000000,1.000000
stop_stem,VSM,217,0.500000,0.333333,0.400000,0.285838,0.500000,0.414520,15.000000
stop_stem,VSM,218,0.100000,0.066667,0.080000,0.144565,0.250000,0.032958,15.000000
stop_stem,VSM,219,0.000000,0.000000,0.000000,0.044594,0.076923,0.000000,18.000000
stop_stem,VSM,220,0.000000,0.000000,0.000000,0.082024,0.055556,0.000000,19.000000
stop_stem,VSM,221,0.200000,0.111111,0.142857,0.109032,0.250000,0.099083,18.000000
stop_stem,VSM,222,0.500000,0.555556,0.526316,0.632830,1.000000,0.569344,9.000000
stop_stem,VSM,223,0.200000,0.500000,0.285714,0.191071,0.250000,0.291279,4.000000
stop_stem,VSM,224,0.000000,0.000000,0.000000,0.079815,0.066667,0.000000,8.000000
stop_stem,VSM,225,0.200000,0.083333,0.117647,0.100727,1.000000,0.157982,24.000000
stop_stem,BM25,1,0.300000,0.107143,0.157895,0.226308,1.000000,0.266644,28.000000
stop_stem,BM25,2,0.500000,0.208333,0.294118,0.236277,1.000000,0.691931,24.000000
stop_stem,BM25,3,0.700000,0.875000,0.777778,0.655937,0.500000,0.740380,8.000000
stop_stem,BM25,4,0.100000,0.500000,0.166667,0.278571,0.500000,0.386853,2.000000
stop_stem,BM25,5,0.300000,0.750000,0.428571,0.327564,0.333333,0.463968,4.000000
stop_stem,BM25,6,0.100000,0.250000,0.142857,0.170884,0.500000,0.161987,4.000000
stop_stem,BM25,7,0.200000,0.400000,0.266667,0.156595,0.250000,0.203169,5.000000
stop_stem,BM25,8,0.100000,0.090909,0.095238,0.161005,1.000000,0.306046,11.000000
stop_stem,BM25,9,0.300000,1.000000,0.461538,0.805556,1.000000,0.906025,3.000000
stop_stem,BM25,10,0.100000,0.125000,0.111111,0.162080,0.500000,0.102958,8.000000
stop_stem,BM25,11,0.200000,0.285714,0.235294,0.186378,0.250000,0.181623,7.000000
stop_stem,BM25,12,0.200000,0.400000,0.266667,0.251722,0.500000,0.262219,5.000000
stop_stem,BM25,13,0.000000,0.000000,0.000000,0.007837,0.004808,0.000000,4.000000
stop_stem,BM25,14,0.200000,1.000000,0.333333,0.611111,1.000000,0.978894,2.000000
stop_stem,BM25,15,0.200000,1.000000,0.333333,1.000000,1.000000,0.737826,2.000000
stop_stem,BM25,16,0.100000,0.333333,0.153846,0.200654,0.500000,0.182125,3.000000
stop_stem,BM25,17,0.100000,0.500000,0.166667,0.078675,0.142857,0.262385,2.000000
stop_stem,BM25,18,0.100000,0.333333,0.153846,0.355899,1.000000,0.469279,3.000000
stop_stem,BM25,19,0.100000,0.111111,0.105263,0.055134,0.333333,0.174527,9.000000
stop_stem,BM25,20,0.600000,0.666667,0.631579,0.575377,0.500000,0.596676,9.000000
stop_stem,BM25,21,0.000000,0.000000,0.000000,0.049819,0.062500,0.000000,4.000000
stop_stem,BM25,22,0.000000,0.000000,0.000000,0.001647,0.001647,0.000000,1.000000
stop_stem,BM25,23,0.400000,0.125000,0.190476,0.216850,0.500000,0.306552,32.000000
stop_stem,BM25,24,0.200000,0.666667,0.307692,0.361111,0.500000,0.575329,3.000000
stop_stem,BM25,25,0.600000,0.666667,0.631579,0.703735,1.000000,0.690076,9.000000
stop_stem,BM25,26,0.200000,0.333333,0.250000,0.233164,0.500000,0.468875,6.000000
stop_stem,BM25,27,0.200000,0.666667,0.307692,0.147811,0.166667,0.305580,3.000000
stop_stem,BM25,28,0.000000,0.000000,0.000000,0.004870,0.003891,0.000000,2.000000
stop_stem,BM25,29,0.400000,0.444444,0.421053,0.440656,1.000000,0.413084,9.000000
stop_stem,BM25,30,0.100000,0.142857,0.117647,0.074265,0.200000,0.144263,7.000000
stop_stem,BM25,31,0.000000,0.000000,0.000000,0.000926,0.000926,0.000000,1.000000
stop_stem,BM25,32,0.200000,0.333333,0.250000,0.130538,0.333333,0.071360,6.000000
stop_stem,BM25,33,0.300000,1.000000,0.461538,0.638889,0.500000,0.683286,3.000000
stop_stem,BM25,34,0.200000,0.333333,0.250000,0.258598,0.333333,0.114082,6.000000
stop_stem,BM25,35,0.000000,0.000000,0.000000,0.025488,0.033333,0.000000,3.000000
stop_stem,BM25,36,0.100000,0.500000,0.166667,0.502571,1.000000,0.337352,2.000000
stop_stem,BM25,37,0.000000,0.000000,0.000000,0.085231,0.090909,0.000000,9.000000
stop_stem,BM25,38,0.000000,0.000000,0.000000,0.049499,0.071429,0.000000,10.000000
stop_stem,BM25,39,0.200000,0.153846,0.173913,0.133780,0.500000,0.257688,13.000000
stop_stem,BM25,40,0.200000,0.166667,0.181818,0.111848,0.333333,0.094404,12.000000
stop_stem,BM25,41,0.300000,1.000000,0.461538,0.791667,1.000000,0.863558,3.000000
stop_stem,BM25,42,0.300000,0.600000,0.400000,0.180336,0.166667,0.367790,5.000000
stop_stem,BM25,43,0.400000,0.666667,0.500000,0.570481,1.000000,0.863023,6.000000
stop_stem,BM25,44,0.000000,0.000000,0.000000,0.002488,0.001355,0.000000,3.000000
stop_stem,BM25,45,0.100000,0.083333,0.090909,0.200376,1.000000,0.347319,12.000000
stop_stem,BM25,46,0.600000,0.400000,0.480000,0.375794,1.000000,0.635566,15.000000
stop_stem,BM25,47,0.600000,0.428571,0.500000,0.382607,0.250000,0.380494,14.000000
stop_stem,BM25,48,0.300000,0.272727,0.285714,0.198075,0.500000,0.388889,11.000000
stop_stem,BM25,49,0.100000,0.500000,0.166667,0.100000,0.142857,0.275412,2.000000
stop_stem,BM25,50,0.100000,0.166667,0.125000,0.074068,0.333333,0.267375,6.000000
stop_stem,BM25,51,0.600000,0.600000,0.600000,0.541071,1.000000,0.449638,10.000000
stop_stem,BM25,52,0.400000,1.000000,0.571429,0.590278,0.500000,0.602904,4.000000
stop_stem,BM25,53,0.300000,0.300000,0.300000,0.268162,1.000000,0.277785,10.000000
stop_stem,BM25,54,0.100000,0.111111,0.105263,0.141287,0.500000,0.284377,9.000000
stop_stem,BM25,55,0.400000,0.400000,0.400000,0.312388,0.500000,0.289532,10.000000
stop_stem,BM25,56,0.200000,0.200000,0.200000,0.160972,0.500000,0.150168,10.000000
stop_stem,BM25,57,0.100000,0.071429,0.083333,0.083724,0.333333,0.256096,14.000000
stop_stem,BM25,58,0.100000,0.111111,0.105263,0.143386,0.111111,0.157517,9.000000
stop_stem,BM25,59,0.200000,0.500000,0.285714,0.371994,1.000000,0.356065,4.000000
stop_stem,BM25,60,0.300000,0.600000,0.400000,0.460342,1.000000,0.409554,5.000000
stop_stem,BM25,61,0.400000,0.800000,0.533333,0.555141,1.000000,0.711931,5.000000
stop_stem,BM25,62,0.000000,0.000000,0.000000,0.030686,0.076923,0.000000,5.000000
stop_stem,BM25,63,0.000000,0.000000,0.000000,0.050575,0.050000,0.000000,3.000000
stop_stem,BM25,64,0.100000,0.500000,0.166667,0.533333,1.000000,0.772538,2.000000
stop_stem,BM25,65,0.500000,0.333333,0.400000,0.226549,0.500000,0.383877,15.000000
stop_stem,BM25,66,0.100000,0.200000,0.133333,0.124364,0.333333,0.227730,5.000000
stop_stem,BM25,67,0.600000,0.428571,0.500000,0.493106,1.000000,0.584035,14.000000
stop_stem,BM25,68,0.100000,0.200000,0.133333,0.063280,0.200000,0.210813,5.000000
stop_stem,BM25,69,0.000000,0.000000,0.000000,0.038683,0.071429,0.000000,5.000000
stop_stem,BM25,70,0.100000,0.100000,0.100000,0.085286,0.200000,0.086519,10.000000
stop_stem,BM25,71,0.100000,0.125000,0.111111,0.051543,0.142857,0.129791,8.000000
stop_stem,BM25,72,0.200000,0.117647,0.148148,0.134256,1.000000,0.349636,17.000000
stop_stem,BM25,73,0.700000,0.350000,0.466667,0.366002,1.000000,0.701075,20.000000
stop_stem,BM25,74,0.100000,0.166667,0.125000,0.137267,0.111111,0.149551,6.000000
stop_stem,BM25,75,0.000000,0.000000,0.000000,0.028645,0.066667,0.000000,5.000000
stop_stem,BM25,76,0.200000,0.285714,0.235294,0.196733,0.500000,0.309260,7.000000
stop_stem,BM25,77,0.200000,0.333333,0.250000,0.348309,1.000000,0.173848,6.000000
stop_stem,BM25,78,0.300000,1.000000,0.461538,0.722222,1.000000,0.728257,3.000000
stop_stem,BM25,79,0.000000,0.000000,0.000000,0.052226,0.055556,0.000000,5.000000
stop_stem,BM25,80,0.000000,0.000000,0.000000,0.016219,0.026316,0.000000,4.000000
stop_stem,BM25,81,0.200000,1.000000,0.333333,0.750000,1.000000,0.477268,2.000000
stop_stem,BM25,82,0.300000,0.600000,0.400000,0.355161,1.000000,0.503050,5.000000
stop_stem,BM25,83,0.100000,0.250000,0.142857,0.106186,0.250000,0.168128,4.000000
stop_stem,BM25,84,0.300000,0.272727,0.285714,0.386956,1.000000,0.217713,11.000000
stop_stem,BM25,85,0.100000,0.250000,0.142857,0.262365,1.000000,0.135083,4.000000
stop_stem,BM25,86,0.200000,1.000000,0.333333,0.583333,0.500000,0.693426,2.000000
stop_stem,BM25,87,0.000000,0.000000,0.000000,0.011221,0.014706,0.000000,8.000000
stop_stem,BM25,88,0.600000,1.000000,0.750000,0.649603,0.500000,0.659825,6.000000
stop_stem,BM25,89,0.100000,0.166667,0.125000,0.178132,0.333333,0.248399,6.000000
stop_stem,BM25,90,0.300000,0.230769,0.260870,0.222505,0.500000,0.160789,13.000000
stop_stem,BM25,91,0.400000,0.444444,0.421053,0.362023,1.000000,0.588837,9.000000
stop_stem,BM25,92,0.600000,0.461538,0.521739,0.539937,1.000000,0.243369,13.000000
stop_stem,BM25,93,0.100000,1.000000,0.181818,0.500000,0.500000,0.630930,1.000000
stop_stem,BM25,94,0.600000,0.500000,0.545455,0.565274,1.000000,0.316847,12.000000
stop_stem,BM25,95,0.200000,1.000000,0.333333,0.392857,0.500000,0.360243,2.000000
stop_stem,BM25,96,0.600000,0.461538,0.521739,0.422931,0.500000,0.430768,13.000000
stop_stem,BM25,97,0.300000,0.300000,0.300000,0.204553,0.500000,0.256695,10.000000
stop_stem,BM25,98,0.000000,0.000000,0.000000,0.024645,0.045455,0.000000,5.000000
stop_stem,BM25,99,0.200000,0.500000,0.285714,0.237739,0.333333,0.436918,4.000000
stop_stem,BM25,100,0.300000,0.333333,0.315789,0.228829,0.500000,0.383296,9.000000
stop_stem,BM25,101,0.500000,0.833333,0.625000,0.745833,1.000000,0.820330,6.000000
stop_stem,BM25,102,0.200000,0.500000,0.285714,0.367438,1.000000,0.374757,4.000000
stop_stem,BM25,103,0.000000,0.000000,0.000000,0.028797,0.055556,0.000000,2.000000
stop_stem,BM25,104,0.100000,0.200000,0.133333,0.139964,0.333333,0.169580,5.000000
stop_stem,BM25,105,0.300000,0.600000,0.400000,0.448289,0.500000,0.570575,5.000000
stop_stem,BM25,106,0.300000,0.600000,0.400000,0.447427,1.000000,0.752046,5.000000
stop_stem,BM25,107,0.300000,0.428571,0.352941,0.287386,0.500000,0.331944,7.000000
stop_stem,BM25,108,0.500000,0.714286,0.588235,0.751391,1.000000,0.701823,7.000000
stop_stem,BM25,109,0.000000,0.000000,0.000000,0.037685,0.025641,0.000000,5.000000
stop_stem,BM25,110,0.100000,0.250000,0.142857,0.152579,0.500000,0.358556,4.000000
stop_stem,BM25,111,0.200000,0.285714,0.235294,0.260203,0.333333,0.125858,7.000000
stop_stem,BM25,112,0.100000,0.500000,0.166667,0.312500,0.500000,0.173765,2.000000
stop_stem,BM25,113,0.100000,0.250000,0.142857,0.148706,0.333333,0.195190,4.000000
stop_stem,BM25,114,0.100000,0.250000,0.142857,0.053835,0.142857,0.225139,4.000000
stop_stem,BM25,115,0.100000,0.250000,0.142857,0.057143,0.200000,0.202887,4.000000
stop_stem,BM25,116,0.100000,0.200000,0.133333,0.062038,0.250000,0.064371,5.000000
stop_stem,BM25,117,0.000000,0.000000,0.000000,0.036667,0.033333,0.000000,2.000000
stop_stem,BM25,118,0.200000,0.666667,0.307692,0.225595,0.250000,0.401749,3.000000
stop_stem,BM25,119,0.100000,1.000000,0.181818,1.000000,1.000000,1.000000,1.000000
stop_stem,BM25,120,0.400000,0.444444,0.421053,0.414418,0.500000,0.441284,9.000000
stop_stem,BM25,121,0.400000,0.571429,0.470588,0.502984,0.500000,0.477179,7.000000
stop_stem,BM25,122,0.400000,0.444444,0.421053,0.294554,0.333333,0.177992,9.000000
stop_stem,BM25,123,0.000000,0.000000,0.000000,0.092157,0.066667,0.000000,2.000000
stop_stem,BM25,124,0.000000,0.000000,0.000000,0.004299,0.006711,0.000000,4.000000
stop_stem,BM25,125,0.300000,0.176471,0.222222,0.263782,1.000000,0.409450,17.000000
stop_stem,BM25,126,0.200000,0.250000,0.222222,0.221938,1.000000,0.571145,8.000000
stop_stem,BM25,127,0.100000,0.200000,0.133333,0.106730,0.250000,0.094075,5.000000
stop_stem,BM25,128,0.000000,0.000000,0.000000,0.017064,0.026316,0.000000,2.000000
stop_stem,BM25,129,0.400000,0.571429,0.470588,0.398711,0.500000,0.547269,7.000000
stop_stem,BM25,130,0.400000,0.800000,0.533333,0.503663,1.000000,0.625108,5.000000
stop_stem,BM25,131,0.300000,0.375000,0.333333,0.318660,0.200000,0.125968,8.000000
stop_stem,BM25,132,0.700000,0.466667,0.560000,0.681328,1.000000,0.321632,15.000000
stop_stem,BM25,133,0.200000,0.285714,0.235294,0.258627,0.125000,0.270485,7.000000
stop_stem,BM25,134,0.100000,0.500000,0.166667,0.270000,0.500000,0.212845,2.000000
stop_stem,BM25,135,0.400000,0.500000,0.444444,0.622917,1.000000,0.130956,8.000000
stop_stem,BM25,136,0.100000,0.333333,0.153846,0.402778,1.000000,0.929891,3.000000
stop_stem,BM25,137,0.200000,0.500000,0.285714,0.194345,0.333333,0.213953,4.000000
stop_stem,BM25,138,0.100000,0.500000,0.166667,0.128571,0.200000,0.237198,2.000000
stop_stem,BM25,139,0.000000,0.000000,0.000000,0.008989,0.010309,0.000000,4.000000
stop_stem,BM25,140,0.200000,0.333333,0.250000,0.171085,0.500000,0.466779,6.000000
stop_stem,BM25,141,0.200000,0.333333,0.250000,0.138613,0.200000,0.224042,6.000000
stop_stem,BM25,142,0.000000,0.000000,0.000000,0.083333,0.083333,0.000000,1.000000
stop_stem,BM25,143,0.200000,1.000000,0.333333,0.666667,1.000000,0.831555,2.000000
stop_stem,BM25,144,0.400000,0.666667,0.500000,0.378932,0.333333,0.447888,6.000000
stop_stem,BM25,145,0.400000,0.571429,0.470588,0.256052,0.333333,0.439605,7.000000
stop_stem,BM25,146,0.200000,1.000000,0.333333,0.583333,0.500000,0.556024,2.000000
stop_stem,BM25,147,0.400000,0.400000,0.400000,0.270217,0.500000,0.430990,10.000000
stop_stem,BM25,148,0.200000,0.333333,0.250000,0.210468,0.500000,0.403046,6.000000
stop_stem,BM25,149,0.400000,0.363636,0.380952,0.380580,1.000000,0.465823,11.000000
stop_stem,BM25,150,0.200000,1.000000,0.333333,0.833333,1.000000,0.919721,2.000000
stop_stem,BM25,151,0.000000,0.000000,0.000000,0.029639,0.038462,0.000000,5.000000
stop_stem,BM25,152,0.000000,0.000000,0.000000,0.022119,0.047619,0.000000,6.000000
stop_stem,BM25,153,0.300000,0.428571,0.352941,0.333500,0.500000,0.292380,7.000000
stop_stem,BM25,154,0.200000,1.000000,0.333333,0.750000,1.000000,0.676361,2.000000
stop_stem,BM25,155,0.200000,0.333333,0.250000,0.172765,0.500000,0.093829,6.000000
stop_stem,BM25,156,0.700000,0.500000,0.583333,0.498233,1.000000,0.333226,14.000000
stop_stem,BM25,157,0.400000,0.102564,0.163265,0.331402,1.000000,0.402940,39.000000
stop_stem,BM25,158,0.300000,0.375000,0.333333,0.392334,1.000000,0.759835,8.000000
stop_stem,BM25,159,0.200000,0.250000,0.222222,0.073960,0.125000,0.118096,8.000000
stop_stem,BM25,160,0.100000,0.200000,0.133333,0.119716,0.500000,0.262511,5.000000
stop_stem,BM25,161,0.300000,0.500000,0.375000,0.531132,1.000000,0.797006,6.000000
stop_stem,BM25,162,0.200000,0.250000,0.222222,0.223919,0.500000,0.122379,8.000000
stop_stem,BM25,163,0.200000,0.666667,0.307692,0.242630,0.333333,0.401800,3.000000
stop_stem,BM25,164,0.400000,0.500000,0.444444,0.447632,1.000000,0.657976,8.000000
stop_stem,BM25,165,0.200000,1.000000,0.333333,0.583333,0.500000,0.693426,2.000000
stop_stem,BM25,166,0.100000,0.125000,0.111111,0.040064,0.111111,0.076143,8.000000
stop_stem,BM25,167,0.200000,1.000000,0.333333,0.750000,1.000000,0.932444,2.000000
stop_stem,BM25,168,0.100000,0.500000,0.166667,0.100840,0.142857,0.204382,2.000000
stop_stem,BM25,169,0.200000,0.500000,0.285714,0.291532,0.500000,0.414430,4.000000
stop_stem,BM25,170,0.400000,0.666667,0.500000,0.622828,1.000000,0.771291,6.000000
stop_stem,BM25,171,0.300000,1.000000,0.461538,0.638889,0.500000,0.657913,3.000000
stop_stem,BM25,172,0.400000,1.000000,0.571429,0.679167,0.500000,0.681856,4.000000
stop_stem,BM25,173,0.200000,1.000000,0.333333,1.000000,1.000000,1.000000,2.000000
stop_stem,BM25,174,0.100000,0.200000,0.133333,0.069189,0.166667,0.151082,5.000000
stop_stem,BM25,175,0.100000,0.200000,0.133333,0.054853,0.100000,0.116497,5.000000
stop_stem,BM25,176,0.100000,0.142857,0.117647,0.077150,0.142857,0.121991,7.000000
stop_stem,BM25,177,0.400000,0.800000,0.533333,0.672222,1.000000,0.868480,5.000000
stop_stem,BM25,178,0.200000,0.500000,0.285714,0.467262,1.000000,0.901543,4.000000
stop_stem,BM25,179,0.200000,0.500000,0.285714,0.339052,0.500000,0.441492,4.000000
stop_stem,BM25,180,0.300000,0.428571,0.352941,0.454569,0.500000,0.357459,7.000000
stop_stem,BM25,181,0.100000,0.200000,0.133333,0.259968,1.000000,0.172721,5.000000
stop_stem,BM25,182,0.200000,1.000000,0.333333,0.583333,0.500000,0.649031,2.000000
stop_stem,BM25,183,0.600000,0.461538,0.521739,0.613855,1.000000,0.576212,13.000000
stop_stem,BM25,184,0.300000,0.428571,0.352941,0.328068,1.000000,0.417643,7.000000
stop_stem,BM25,185,0.600000,0.666667,0.631579,0.824710,1.000000,0.819510,9.000000
stop_stem,BM25,186,0.400000,0.250000,0.307692,0.159857,0.333333,0.328062,16.000000
stop_stem,BM25,187,0.200000,0.333333,0.250000,0.194823,0.500000,0.247745,6.000000
stop_stem,BM25,188,0.500000,0.454545,0.476190,0.392900,1.000000,0.569342,11.000000
stop_stem,BM25,189,0.200000,0.222222,0.210526,0.125607,0.250000,0.110806,9.000000
stop_stem,BM25,190,0.200000,0.400000,0.266667,0.382814,1.000000,0.289408,5.000000
stop_stem,BM25,191,0.200000,0.153846,0.173913,0.363148,0.200000,0.057943,13.000000
stop_stem,BM25,192,0.300000,0.750000,0.428571,0.510417,0.500000,0.609620,4.000000
stop_stem,BM25,193,0.800000,0.888889,0.842105,0.831723,1.000000,0.852844,9.000000
stop_stem,BM25,194,0.100000,0.166667,0.125000,0.189754,0.250000,0.066435,6.000000
stop_stem,BM25,195,0.100000,0.333333,0.153846,0.103177,0.200000,0.181542,3.000000
stop_stem,BM25,196,0.300000,0.250000,0.272727,0.135249,0.500000,0.255401,12.000000
stop_stem,BM25,197,0.200000,0.666667,0.307692,0.614379,1.000000,0.625434,3.000000
stop_stem,BM25,198,0.300000,0.750000,0.428571,0.472222,1.000000,0.676257,4.000000
stop_stem,BM25,199,0.200000,0.250000,0.222222,0.108948,0.200000,0.116189,8.000000
stop_stem,BM25,200,0.200000,0.666667,0.307692,0.230409,0.333333,0.370291,3.000000
stop_stem,BM25,201,0.400000,0.250000,0.307692,0.331264,1.000000,0.601408,16.000000
stop_stem,BM25,202,0.300000,0.214286,0.250000,0.204144,0.500000,0.187876,14.000000
stop_stem,BM25,203,0.200000,0.142857,0.166667,0.140783,0.500000,0.269453,14.000000
stop_stem,BM25,204,0.000000,0.000000,0.000000,0.044248,0.062500,0.000000,14.000000
stop_stem,BM25,205,0.200000,1.000000,0.333333,0.700000,1.000000,0.850345,2.000000
stop_stem,BM25,206,0.200000,0.666667,0.307692,0.264093,0.500000,0.522575,3.000000
stop_stem,BM25,207,0.200000,0.400000,0.266667,0.197589,0.500000,0.364471,5.000000
stop_stem,BM25,208,0.600000,1.000000,0.750000,0.682937,0.500000,0.756145,6.000000
stop_stem,BM25,209,0.200000,0.166667,0.181818,0.141371,0.333333,0.098185,12.000000
stop_stem,BM25,210,0.200000,0.333333,0.250000,0.342266,1.000000,0.492365,6.000000
stop_stem,BM25,211,0.100000,0.090909,0.095238,0.136094,0.111111,0.124215,11.000000
stop_stem,BM25,212,0.600000,0.428571,0.500000,0.497536,1.000000,0.600365,14.000000
stop_stem,BM25,213,0.500000,0.454545,0.476190,0.581716,1.000000,0.551647,11.000000
stop_stem,BM25,214,0.100000,0.250000,0.142857,0.157475,0.500000,0.246302,4.000000
stop_stem,BM25,215,0.000000,0.000000,0.000000,0.048199,0.062500,0.000000,2.000000
stop_stem,BM25,216,0.000000,0.000000,0.000000,0.002604,0.002604,0.000000,1.000000
stop_stem,BM25,217,0.400000,0.266667,0.320000,0.304292,1.000000,0.401180,15.000000
stop_stem,BM25,218,0.300000,0.200000,0.240000,0.328299,1.000000,0.343452,15.000000
stop_stem,BM25,219,0.000000,0.000000,0.000000,0.037425,0.025641,0.000000,18.000000
stop_stem,BM25,220,0.300000,0.157895,0.206897,0.203047,1.000000,0.183698,19.000000
stop_stem,BM25,221,0.300000,0.166667,0.214286,0.237413,1.000000,0.273235,18.000000
stop_stem,BM25,222,0.600000,0.666667,0.631579,0.778951,1.000000,0.765397,9.000000
stop_stem,BM25,223,0.300000,0.750000,0.428571,0.461275,0.500000,0.592512,4.000000
stop_stem,BM25,224,0.100000,0.125000,0.111111,0.134549,0.166667,0.095162,8.000000
stop_stem,BM25,225,0.300000,0.125000,0.176471,0.087623,0.500000,0.131936,24.000000
