k1,b,query_id,P@10,R@10,F1@10,AP,RR,NDCG@10,num_relevant
0.500000,0.000000,1,0.400000,0.142857,0.210526,0.142142,0.333333,0.189836,28.000000
0.500000,0.000000,2,0.400000,0.166667,0.235294,0.218941,1.000000,0.545774,24.000000
0.500000,0.000000,3,0.500000,0.625000,0.555556,0.558974,1.000000,0.640482,8.000000
0.500000,0.000000,4,0.100000,0.500000,0.166667,0.268519,0.500000,0.386853,2.000000
0.500000,0.000000,5,0.300000,0.750000,0.428571,0.461932,1.000000,0.496580,4.000000
0.500000,0.000000,6,0.100000,0.250000,0.142857,0.122240,0.333333,0.128372,4.000000
0.500000,0.000000,7,0.200000,0.400000,0.266667,0.106814,0.200000,0.174537,5.000000
0.500000,0.000000,8,0.100000,0.090909,0.095238,0.138045,1.000000,0.306046,11.000000
0.500000,0.000000,9,0.300000,1.000000,0.461538,0.555556,0.500000,0.697882,3.000000
0.500000,0.000000,10,0.100000,0.125000,0.111111,0.110981,0.500000,0.102958,8.000000
0.500000,0.000000,11,0.100000,0.142857,0.117647,0.134462,0.166667,0.121972,7.000000
0.500000,0.000000,12,0.200000,0.400000,0.266667,0.229760,0.500000,0.262219,5.000000
0.500000,0.000000,13,0.000000,0.000000,0.000000,0.007837,0.004808,0.000000,4.000000
0.500000,0.000000,14,0.100000,0.500000,0.166667,0.555556,1.000000,0.959636,2.000000
0.500000,0.000000,15,0.200000,1.000000,0.333333,0.750000,1.000000,0.560011,2.000000
0.500000,0.000000,16,0.100000,0.333333,0.153846,0.109968,0.250000,0.124320,3.000000
0.500000,0.000000,17,0.000000,0.000000,0.000000,0.026452,0.040000,0.000000,2.000000
0.500000,0.000000,18,0.100000,0.333333,0.153846,0.352014,1.000000,0.469279,3.000000
0.500000,0.000000,19,0.100000,0.111111,0.105263,0.054355,0.333333,0.174527,9.000000
0.500000,0.000000,20,0.500000,0.555556,0.526316,0.398131,0.500000,0.509141,9.000000
0.500000,0.000000,21,0.000000,0.000000,0.000000,0.024842,0.031250,0.000000,4.000000
0.500000,0.000000,22,0.000000,0.000000,0.000000,0.001647,0.001647,0.000000,1.000000
0.500000,0.000000,23,0.300000,0.093750,0.142857,0.172304,0.250000,0.212970,32.000000
0.500000,0.000000,24,0.200000,0.666667,0.307692,0.410165,0.500000,0.612898,3.000000
0.500000,0.000000,25,0.600000,0.666667,0.631579,0.687919,1.000000,0.825925,9.000000
0.500000,0.000000,26,0.200000,0.333333,0.250000,0.150159,0.333333,0.367683,6.000000
0.500000,0.000000,27,0.200000,0.666667,0.307692,0.247418,0.500000,0.376823,3.000000
0.500000,0.000000,28,0.000000,0.000000,0.000000,0.003989,0.003003,0.000000,2.000000
0.500000,0.000000,29,0.400000,0.444444,0.421053,0.317365,1.000000,0.300439,9.000000
0.500000,0.000000,30,0.100000,0.142857,0.117647,0.199250,1.000000,0.372915,7.000000
0.500000,0.000000,31,0.000000,0.000000,0.000000,0.000898,0.000898,0.000000,1.000000
0.500000,0.000000,32,0.100000,0.166667,0.125000,0.048335,0.125000,0.025384,6.000000
0.500000,0.000000,33,0.300000,1.000000,0.461538,0.638889,0.500000,0.708996,3.000000
0.500000,0.000000,34,0.200000,0.333333,0.250000,0.219846,0.333333,0.121409,6.000000
0.500000,0.000000,35,0.000000,0.000000,0.000000,0.031921,0.052632,0.000000,3.000000
0.500000,0.000000,36,0.100000,0.500000,0.166667,0.502646,1.000000,0.337352,2.000000
0.500000,0.000000,37,0.000000,0.000000,0.000000,0.052416,0.034483,0.000000,9.000000
0.500000,0.000000,38,0.100000,0.100000,0.100000,0.058766,0.142857,0.086412,10.000000
0.500000,0.000000,39,0.200000,0.153846,0.173913,0.157110,1.000000,0.391960,13.000000
0.500000,0.000000,40,0.200000,0.166667,0.181818,0.135730,0.500000,0.108341,12.000000
0.500000,0.000000,41,0.300000,1.000000,0.461538,0.766667,1.000000,0.849397,3.000000
0.500000,0.000000,42,0.200000,0.400000,0.266667,0.119134,0.111111,0.242431,5.000000
0.500000,0.000000,43,0.200000,0.333333,0.250000,0.441788,1.000000,0.689414,6.000000
0.500000,0.000000,44,0.000000,0.000000,0.000000,0.002488,0.001355,0.000000,3.000000
0.500000,0.000000,45,0.200000,0.166667,0.181818,0.190676,1.000000,0.404902,12.000000
0.500000,0.000000,46,0.500000,0.333333,0.400000,0.400964,1.000000,0.451959,15.000000
0.500000,0.000000,47,0.500000,0.357143,0.416667,0.407590,1.000000,0.532536,14.000000
0.500000,0.000000,48,0.400000,0.363636,0.380952,0.318051,0.500000,0.416879,11.000000
0.500000,0.000000,49,0.000000,0.000000,0.000000,0.030989,0.040000,0.000000,2.000000
0.500000,0.000000,50,0.000000,0.000000,0.000000,0.022664,0.041667,0.000000,6.000000
0.500000,0.000000,51,0.400000,0.400000,0.400000,0.306681,0.500000,0.309264,10.000000
0.500000,0.000000,52,0.200000,0.500000,0.285714,0.209249,0.166667,0.184189,4.000000
0.500000,0.000000,53,0.300000,0.300000,0.300000,0.298148,1.000000,0.330680,10.000000
0.500000,0.000000,54,0.100000,0.111111,0.105263,0.151276,0.333333,0.225363,9.000000
0.500000,0.000000,55,0.100000,0.100000,0.100000,0.145187,0.200000,0.119310,10.000000
0.500000,0.000000,56,0.200000,0.200000,0.200000,0.122016,0.500000,0.132721,10.000000
0.500000,0.000000,57,0.100000,0.071429,0.083333,0.074188,0.100000,0.148056,14.000000
0.500000,0.000000,58,0.100000,0.111111,0.105263,0.079277,0.111111,0.157517,9.000000
0.500000,0.000000,59,0.200000,0.500000,0.285714,0.117724,0.142857,0.166575,4.000000
0.500000,0.000000,60,0.300000,0.600000,0.400000,0.313551,0.500000,0.329502,5.000000
0.500000,0.000000,61,0.200000,0.400000,0.266667,0.386432,1.000000,0.412098,5.000000
0.500000,0.000000,62,0.000000,0.000000,0.000000,0.019149,0.041667,0.000000,5.000000
0.500000,0.000000,63,0.000000,0.000000,0.000000,0.048479,0.032258,0.000000,3.000000
0.500000,0.000000,64,0.100000,0.500000,0.166667,0.514493,1.000000,0.772538,2.000000
0.500000,0.000000,65,0.100000,0.066667,0.080000,0.087054,0.142857,0.091775,15.000000
0.500000,0.000000,66,0.100000,0.200000,0.133333,0.053696,0.125000,0.143681,5.000000
0.500000,0.000000,67,0.100000,0.071429,0.083333,0.134115,0.142857,0.105614,14.000000
0.500000,0.000000,68,0.100000,0.200000,0.133333,0.064724,0.142857,0.181648,5.000000
0.500000,0.000000,69,0.100000,0.200000,0.133333,0.038040,0.100000,0.138636,5.000000
0.500000,0.000000,70,0.100000,0.100000,0.100000,0.099094,0.333333,0.111825,10.000000
0.500000,0.000000,71,0.100000,0.125000,0.111111,0.162810,1.000000,0.389374,8.000000
0.500000,0.000000,72,0.100000,0.058824,0.074074,0.073758,0.333333,0.166872,17.000000
0.500000,0.000000,73,0.700000,0.350000,0.466667,0.385069,1.000000,0.804868,20.000000
0.500000,0.000000,74,0.100000,0.166667,0.125000,0.179333,0.500000,0.313444,6.000000
0.500000,0.000000,75,0.000000,0.000000,0.000000,0.017840,0.025641,0.000000,5.000000
0.500000,0.000000,76,0.200000,0.285714,0.235294,0.125249,0.333333,0.261997,7.000000
0.500000,0.000000,77,0.200000,0.333333,0.250000,0.296282,1.000000,0.166450,6.000000
0.500000,0.000000,78,0.300000,1.000000,0.461538,0.791667,1.000000,0.804683,3.000000
0.500000,0.000000,79,0.000000,0.000000,0.000000,0.032660,0.071429,0.000000,5.000000
0.500000,0.000000,80,0.000000,0.000000,0.000000,0.008039,0.010638,0.000000,4.000000
0.500000,0.000000,81,0.200000,1.000000,0.333333,0.500000,0.500000,0.453657,2.000000
0.500000,0.000000,82,0.100000,0.200000,0.133333,0.114177,0.142857,0.065066,5.000000
0.500000,0.000000,83,0.100000,0.250000,0.142857,0.123758,0.333333,0.195190,4.000000
0.500000,0.000000,84,0.300000,0.272727,0.285714,0.376956,1.000000,0.217713,11.000000
0.500000,0.000000,85,0.100000,0.250000,0.142857,0.135814,0.500000,0.085228,4.000000
0.500000,0.000000,86,0.200000,1.000000,0.333333,0.416667,0.500000,0.605260,2.000000
0.500000,0.000000,87,0.000000,0.000000,0.000000,0.010268,0.015625,0.000000,8.000000
0.500000,0.000000,88,0.600000,1.000000,0.750000,0.621825,0.500000,0.639364,6.000000
0.500000,0.000000,89,0.100000,0.166667,0.125000,0.132007,0.200000,0.082366,6.000000
0.500000,0.000000,90,0.300000,0.230769,0.260870,0.222219,0.500000,0.214889,13.000000
0.500000,0.000000,91,0.400000,0.444444,0.421053,0.351995,1.000000,0.592783,9.000000
0.500000,0.000000,92,0.500000,0.384615,0.434783,0.417705,1.000000,0.175735,13.000000
0.500000,0.000000,93,0.100000,1.000000,0.181818,0.500000,0.500000,0.630930,1.000000
0.500000,0.000000,94,0.400000,0.333333,0.363636,0.518506,1.000000,0.245885,12.000000
0.500000,0.000000,95,0.200000,1.000000,0.333333,0.375000,0.500000,0.343096,2.000000
0.500000,0.000000,96,0.700000,0.538462,0.608696,0.494026,0.500000,0.549513,13.000000
0.500000,0.000000,97,0.300000,0.300000,0.300000,0.206916,0.500000,0.270700,10.000000
0.500000,0.000000,98,0.000000,0.000000,0.000000,0.019476,0.043478,0.000000,5.000000
0.500000,0.000000,99,0.200000,0.500000,0.285714,0.288335,0.500000,0.523013,4.000000
0.500000,0.000000,100,0.300000,0.333333,0.315789,0.256660,0.500000,0.390490,9.000000
0.500000,0.000000,101,0.500000,0.833333,0.625000,0.549457,0.500000,0.599454,6.000000
0.500000,0.000000,102,0.100000,0.250000,0.142857,0.077152,0.100000,0.040623,4.000000
0.500000,0.000000,103,0.100000,0.500000,0.166667,0.084353,0.166667,0.218407,2.000000
0.500000,0.000000,104,0.100000,0.200000,0.133333,0.146861,0.500000,0.213986,5.000000
0.500000,0.000000,105,0.300000,0.600000,0.400000,0.437337,0.500000,0.570575,5.000000
0.500000,0.000000,106,0.300000,0.600000,0.400000,0.291635,0.333333,0.435925,5.000000
0.500000,0.000000,107,0.200000,0.285714,0.235294,0.253880,0.500000,0.314255,7.000000
0.500000,0.000000,108,0.500000,0.714286,0.588235,0.683394,1.000000,0.697057,7.000000
0.500000,0.000000,109,0.000000,0.000000,0.000000,0.033204,0.025641,0.000000,5.000000
0.500000,0.000000,110,0.000000,0.000000,0.000000,0.037327,0.076923,0.000000,4.000000
0.500000,0.000000,111,0.100000,0.142857,0.117647,0.201877,0.333333,0.077170,7.000000
0.500000,0.000000,112,0.100000,0.500000,0.166667,0.312500,0.500000,0.173765,2.000000
0.500000,0.000000,113,0.000000,0.000000,0.000000,0.047054,0.066667,0.000000,4.000000
0.500000,0.000000,114,0.100000,0.250000,0.142857,0.040656,0.111111,0.203320,4.000000
0.500000,0.000000,115,0.100000,0.250000,0.142857,0.043443,0.111111,0.157877,4.000000
0.500000,0.000000,116,0.000000,0.000000,0.000000,0.056815,0.090909,0.000000,5.000000
0.500000,0.000000,117,0.000000,0.000000,0.000000,0.026905,0.025641,0.000000,2.000000
0.500000,0.000000,118,0.200000,0.666667,0.307692,0.200855,0.250000,0.392903,3.000000
0.500000,0.000000,119,0.100000,1.000000,0.181818,0.500000,0.500000,0.630930,1.000000
0.500000,0.000000,120,0.300000,0.333333,0.315789,0.312728,0.500000,0.362573,9.000000
0.500000,0.000000,121,0.500000,0.714286,0.588235,0.463414,0.500000,0.573675,7.000000
0.500000,0.000000,122,0.200000,0.222222,0.210526,0.179759,0.250000,0.037275,9.000000
0.500000,0.000000,123,0.000000,0.000000,0.000000,0.062261,0.055556,0.000000,2.000000
0.500000,0.000000,124,0.000000,0.000000,0.000000,0.003676,0.004292,0.000000,4.000000
0.500000,0.000000,125,0.300000,0.176471,0.222222,0.228599,1.000000,0.401373,17.000000
0.500000,0.000000,126,0.200000,0.250000,0.222222,0.263710,1.000000,0.620999,8.000000
0.500000,0.000000,127,0.200000,0.400000,0.266667,0.129745,0.250000,0.241406,5.000000
0.500000,0.000000,128,0.000000,0.000000,0.000000,0.013818,0.020833,0.000000,2.000000
0.500000,0.000000,129,0.400000,0.571429,0.470588,0.381117,0.500000,0.561491,7.000000
0.500000,0.000000,130,0.200000,0.400000,0.266667,0.383008,1.000000,0.444360,5.000000
0.500000,0.000000,131,0.200000,0.250000,0.222222,0.267023,0.200000,0.081984,8.000000
0.500000,0.000000,132,0.600000,0.400000,0.480000,0.681464,1.000000,0.270921,15.000000
0.500000,0.000000,133,0.300000,0.428571,0.352941,0.405686,1.000000,0.546943,7.000000
0.500000,0.000000,134,0.100000,0.500000,0.166667,0.509524,1.000000,0.337352,2.000000
0.500000,0.000000,135,0.500000,0.625000,0.555556,0.476790,0.500000,0.334981,8.000000
0.500000,0.000000,136,0.200000,0.666667,0.307692,0.224868,0.333333,0.485610,3.000000
0.500000,0.000000,137,0.100000,0.250000,0.142857,0.186930,0.500000,0.161987,4.000000
0.500000,0.000000,138,0.100000,0.500000,0.166667,0.190476,0.333333,0.306574,2.000000
0.500000,0.000000,139,0.000000,0.000000,0.000000,0.008741,0.014706,0.000000,4.000000
0.500000,0.000000,140,0.200000,0.333333,0.250000,0.116031,0.200000,0.351365,6.000000
0.500000,0.000000,141,0.100000,0.166667,0.125000,0.132264,0.333333,0.105397,6.000000
0.500000,0.000000,142,0.000000,0.000000,0.000000,0.058824,0.058824,0.000000,1.000000
0.500000,0.000000,143,0.200000,1.000000,0.333333,0.625000,1.000000,0.806574,2.000000
0.500000,0.000000,144,0.200000,0.333333,0.250000,0.205188,0.200000,0.135614,6.000000
0.500000,0.000000,145,0.100000,0.142857,0.117647,0.127687,0.166667,0.121669,7.000000
0.500000,0.000000,146,0.200000,1.000000,0.333333,0.366667,0.333333,0.432302,2.000000
0.500000,0.000000,147,0.400000,0.400000,0.400000,0.306437,0.500000,0.455290,10.000000
0.500000,0.000000,148,0.200000,0.333333,0.250000,0.161724,0.333333,0.336699,6.000000
0.500000,0.000000,149,0.300000,0.272727,0.285714,0.271648,1.000000,0.362887,11.000000
0.500000,0.000000,150,0.200000,1.000000,0.333333,1.000000,1.000000,1.000000,2.000000
0.500000,0.000000,151,0.000000,0.000000,0.000000,0.021570,0.025000,0.000000,5.000000
0.500000,0.000000,152,0.000000,0.000000,0.000000,0.013277,0.015385,0.000000,6.000000
0.500000,0.000000,153,0.300000,0.428571,0.352941,0.227004,0.500000,0.226811,7.000000
0.500000,0.000000,154,0.200000,1.000000,0.333333,0.611111,1.000000,0.574309,2.000000
0.500000,0.000000,155,0.100000,0.166667,0.125000,0.132632,0.500000,0.079779,6.000000
0.500000,0.000000,156,0.800000,0.571429,0.666667,0.499816,1.000000,0.376897,14.000000
0.500000,0.000000,157,0.200000,0.051282,0.081633,0.242637,1.000000,0.233187,39.000000
0.500000,0.000000,158,0.200000,0.250000,0.222222,0.317774,1.000000,0.604237,8.000000
0.500000,0.000000,159,0.000000,0.000000,0.000000,0.055405,0.090909,0.000000,8.000000
0.500000,0.000000,160,0.100000,0.200000,0.133333,0.219088,1.000000,0.416070,5.000000
0.500000,0.000000,161,0.300000,0.500000,0.375000,0.417010,1.000000,0.784663,6.000000
0.500000,0.000000,162,0.100000,0.125000,0.111111,0.234448,1.000000,0.065830,8.000000
0.500000,0.000000,163,0.200000,0.666667,0.307692,0.199405,0.250000,0.358534,3.000000
0.500000,0.000000,164,0.500000,0.625000,0.555556,0.623378,1.000000,0.823046,8.000000
0.500000,0.000000,165,0.200000,1.000000,0.333333,0.500000,0.500000,0.650921,2.000000
0.500000,0.000000,166,0.000000,0.000000,0.000000,0.034919,0.076923,0.000000,8.000000
0.500000,0.000000,167,0.200000,1.000000,0.333333,1.000000,1.000000,1.000000,2.000000
0.500000,0.000000,168,0.000000,0.000000,0.000000,0.051012,0.083333,0.000000,2.000000
0.500000,0.000000,169,0.200000,0.500000,0.285714,0.220250,0.333333,0.363318,4.000000
0.500000,0.000000,170,0.400000,0.666667,0.500000,0.452077,0.500000,0.541497,6.000000
0.500000,0.000000,171,0.300000,1.000000,0.461538,0.531746,0.500000,0.692890,3.000000
0.500000,0.000000,172,0.400000,1.000000,0.571429,0.679167,0.500000,0.624212,4.000000
0.500000,0.000000,173,0.200000,1.000000,0.333333,1.000000,1.000000,1.000000,2.000000
0.500000,0.000000,174,0.000000,0.000000,0.000000,0.035643,0.076923,0.000000,5.000000
0.500000,0.000000,175,0.000000,0.000000,0.000000,0.040413,0.076923,0.000000,5.000000
0.500000,0.000000,176,0.000000,0.000000,0.000000,0.043020,0.066667,0.000000,7.000000
0.500000,0.000000,177,0.300000,0.600000,0.400000,0.631061,1.000000,0.803814,5.000000
0.500000,0.000000,178,0.300000,0.750000,0.428571,0.506250,1.000000,0.880991,4.000000
0.500000,0.000000,179,0.200000,0.500000,0.285714,0.450368,1.000000,0.585570,4.000000
0.500000,0.000000,180,0.300000,0.428571,0.352941,0.391880,0.500000,0.419019,7.000000
0.500000,0.000000,181,0.100000,0.200000,0.133333,0.242643,1.000000,0.172721,5.000000
0.500000,0.000000,182,0.200000,1.000000,0.333333,0.833333,1.000000,0.976748,2.000000
0.500000,0.000000,183,0.700000,0.538462,0.608696,0.596802,1.000000,0.483158,13.000000
0.500000,0.000000,184,0.200000,0.285714,0.235294,0.314121,1.000000,0.334787,7.000000
0.500000,0.000000,185,0.600000,0.666667,0.631579,0.785055,1.000000,0.811904,9.000000
0.500000,0.000000,186,0.200000,0.125000,0.153846,0.115719,0.200000,0.148764,16.000000
0.500000,0.000000,187,0.200000,0.333333,0.250000,0.151399,0.500000,0.239986,6.000000
0.500000,0.000000,188,0.500000,0.454545,0.476190,0.357518,1.000000,0.560031,11.000000
0.500000,0.000000,189,0.100000,0.111111,0.105263,0.084528,0.142857,0.048344,9.000000
0.500000,0.000000,190,0.200000,0.400000,0.266667,0.324252,1.000000,0.274295,5.000000
0.500000,0.000000,191,0.300000,0.230769,0.260870,0.258729,0.125000,0.160778,13.000000
0.500000,0.000000,192,0.300000,0.750000,0.428571,0.705357,1.000000,0.804810,4.000000
0.500000,0.000000,193,0.700000,0.777778,0.736842,0.785587,1.000000,0.823822,9.000000
0.500000,0.000000,194,0.200000,0.333333,0.250000,0.197798,0.250000,0.179982,6.000000
0.500000,0.000000,195,0.100000,0.333333,0.153846,0.193088,0.500000,0.296082,3.000000
0.500000,0.000000,196,0.100000,0.083333,0.090909,0.057409,0.200000,0.045647,12.000000
0.500000,0.000000,197,0.200000,0.666667,0.307692,0.538462,1.000000,0.578741,3.000000
0.500000,0.000000,198,0.200000,0.500000,0.285714,0.376153,1.000000,0.487588,4.000000
0.500000,0.000000,199,0.100000,0.125000,0.111111,0.105965,0.333333,0.085949,8.000000
0.500000,0.000000,200,0.100000,0.333333,0.153846,0.188959,0.333333,0.234639,3.000000
0.500000,0.000000,201,0.400000,0.250000,0.307692,0.292742,1.000000,0.580023,16.000000
0.500000,0.000000,202,0.300000,0.214286,0.250000,0.186069,1.000000,0.197049,14.000000
0.500000,0.000000,203,0.200000,0.142857,0.166667,0.165803,1.000000,0.380725,14.000000
0.500000,0.000000,204,0.000000,0.000000,0.000000,0.036382,0.027778,0.000000,14.000000
0.500000,0.000000,205,0.200000,1.000000,0.333333,0.666667,1.000000,0.831555,2.000000
0.500000,0.000000,206,0.200000,0.666667,0.307692,0.301890,0.500000,0.551579,3.000000
0.500000,0.000000,207,0.100000,0.200000,0.133333,0.076190,0.166667,0.170838,5.000000
0.500000,0.000000,208,0.600000,1.000000,0.750000,0.635714,0.500000,0.716543,6.000000
0.500000,0.000000,209,0.100000,0.083333,0.090909,0.111791,0.500000,0.103187,12.000000
0.500000,0.000000,210,0.200000,0.333333,0.250000,0.356512,1.000000,0.492365,6.000000
0.500000,0.000000,211,0.100000,0.090909,0.095238,0.127702,0.142857,0.137545,11.000000
0.500000,0.000000,212,0.500000,0.357143,0.416667,0.449463,1.000000,0.455202,14.000000
0.500000,0.000000,213,0.500000,0.454545,0.476190,0.534000,1.000000,0.529420,11.000000
0.500000,0.000000,214,0.100000,0.250000,0.142857,0.109063,0.333333,0.195190,4.000000
0.500000,0.000000,215,0.000000,0.000000,0.000000,0.034897,0.043478,0.000000,2.000000
0.500000,0.000000,216,0.000000,0.000000,0.000000,0.002577,0.002577,0.000000,1.000000
0.500000,0.000000,217,0.300000,0.200000,0.240000,0.203270,0.500000,0.171817,15.000000
0.500000,0.000000,218,0.400000,0.266667,0.320000,0.253981,0.250000,0.330648,15.000000
0.500000,0.000000,219,0.000000,0.000000,0.000000,0.035089,0.027027,0.000000,18.000000
0.500000,0.000000,220,0.200000,0.105263,0.137931,0.152774,0.500000,0.115283,19.000000
0.500000,0.000000,221,0.300000,0.166667,0.214286,0.203514,1.000000,0.248258,18.000000
0.500000,0.000000,222,0.600000,0.666667,0.631579,0.830495,1.000000,0.776947,9.000000
0.500000,0.000000,223,0.300000,0.750000,0.428571,0.556090,0.500000,0.609620,4.000000
0.500000,0.000000,224,0.100000,0.125000,0.111111,0.117636,0.166667,0.095162,8.000000
0.500000,0.000000,225,0.200000,0.083333,0.117647,0.089905,1.000000,0.090276,24.000000
0.500000,0.750000,1,0.400000,0.142857,0.210526,0.169673,0.500000,0.219349,28.000000
0.500000,0.750000,2,0.500000,0.208333,0.294118,0.254610,1.000000,0.687924,24.000000
0.500000,0.750000,3,0.600000,0.750000,0.666667,0.608694,0.500000,0.656957,8.000000
0.500000,0.750000,4,0.100000,0.500000,0.166667,0.273810,0.500000,0.386853,2.000000
0.500000,0.750000,5,0.300000,0.750000,0.428571,0.504870,1.000000,0.530531,4.000000
0.500000,0.750000,6,0.100000,0.250000,0.142857,0.158242,0.500000,0.161987,4.000000
0.500000,0.750000,7,0.200000,0.400000,0.266667,0.136359,0.250000,0.195553,5.000000
0.500000,0.750000,8,0.100000,0.090909,0.095238,0.145438,1.000000,0.306046,11.000000
0.500000,0.750000,9,0.300000,1.000000,0.461538,0.588889,0.500000,0.712263,3.000000
0.500000,0.750000,10,0.100000,0.125000,0.111111,0.144241,0.500000,0.102958,8.000000
0.500000,0.750000,11,0.100000,0.142857,0.117647,0.131059,0.125000,0.108021,7.000000
0.500000,0.750000,12,0.200000,0.400000,0.266667,0.248277,0.500000,0.262219,5.000000
0.500000,0.750000,13,0.000000,0.000000,0.000000,0.007837,0.004808,0.000000,4.000000
0.500000,0.750000,14,0.200000,1.000000,0.333333,0.600000,1.000000,0.978129,2.000000
0.500000,0.750000,15,0.200000,1.000000,0.333333,1.000000,1.000000,0.737826,2.000000
0.500000,0.750000,16,0.100000,0.333333,0.153846,0.193343,0.500000,0.182125,3.000000
0.500000,0.750000,17,0.100000,0.500000,0.166667,0.078571,0.142857,0.262385,2.000000
0.500000,0.750000,18,0.100000,0.333333,0.153846,0.355225,1.000000,0.469279,3.000000
0.500000,0.750000,19,0.100000,0.111111,0.105263,0.040233,0.200000,0.135032,9.000000
0.500000,0.750000,20,0.400000,0.444444,0.421053,0.489417,0.500000,0.457977,9.000000
0.500000,0.750000,21,0.000000,0.000000,0.000000,0.034104,0.043478,0.000000,4.000000
0.500000,0.750000,22,0.000000,0.000000,0.000000,0.001647,0.001647,0.000000,1.000000
0.500000,0.750000,23,0.300000,0.093750,0.142857,0.190068,0.333333,0.245255,32.000000
0.500000,0.750000,24,0.200000,0.666667,0.307692,0.354167,0.500000,0.575329,3.000000
0.500000,0.750000,25,0.600000,0.666667,0.631579,0.671671,1.000000,0.701134,9.000000
0.500000,0.750000,26,0.200000,0.333333,0.250000,0.182462,0.500000,0.421965,6.000000
0.500000,0.750000,27,0.200000,0.666667,0.307692,0.281136,0.500000,0.406640,3.000000
0.500000,0.750000,28,0.000000,0.000000,0.000000,0.004202,0.003731,0.000000,2.000000
0.500000,0.750000,29,0.400000,0.444444,0.421053,0.462960,1.000000,0.437322,9.000000
0.500000,0.750000,30,0.100000,0.142857,0.117647,0.128809,0.500000,0.235283,7.000000
0.500000,0.750000,31,0.000000,0.000000,0.000000,0.000923,0.000923,0.000000,1.000000
0.500000,0.750000,32,0.200000,0.333333,0.250000,0.082021,0.200000,0.056511,6.000000
0.500000,0.750000,33,0.300000,1.000000,0.461538,0.638889,0.500000,0.634729,3.000000
0.500000,0.750000,34,0.200000,0.333333,0.250000,0.176342,0.111111,0.080783,6.000000
0.500000,0.750000,35,0.000000,0.000000,0.000000,0.026243,0.033333,0.000000,3.000000
0.500000,0.750000,36,0.100000,0.500000,0.166667,0.502646,1.000000,0.337352,2.000000
0.500000,0.750000,37,0.000000,0.000000,0.000000,0.061719,0.043478,0.000000,9.000000
0.500000,0.750000,38,0.100000,0.100000,0.100000,0.058730,0.142857,0.086412,10.000000
0.500000,0.750000,39,0.200000,0.153846,0.173913,0.111322,0.333333,0.177123,13.000000
0.500000,0.750000,40,0.200000,0.166667,0.181818,0.105227,0.200000,0.079098,12.000000
0.500000,0.750000,41,0.300000,1.000000,0.461538,0.777778,1.000000,0.855815,3.000000
0.500000,0.750000,42,0.300000,0.600000,0.400000,0.164192,0.166667,0.361230,5.000000
0.500000,0.750000,43,0.400000,0.666667,0.500000,0.514659,1.000000,0.846777,6.000000
0.500000,0.750000,44,0.000000,0.000000,0.000000,0.002488,0.001355,0.000000,3.000000
0.500000,0.750000,45,0.200000,0.166667,0.181818,0.204300,1.000000,0.400341,12.000000
0.500000,0.750000,46,0.500000,0.333333,0.400000,0.358975,0.500000,0.443951,15.000000
0.500000,0.750000,47,0.500000,0.357143,0.416667,0.376579,0.333333,0.394730,14.000000
0.500000,0.750000,48,0.300000,0.272727,0.285714,0.251608,0.500000,0.422858,11.000000
0.500000,0.750000,49,0.100000,0.500000,0.166667,0.074423,0.111111,0.248721,2.000000
0.500000,0.750000,50,0.100000,0.166667,0.125000,0.044458,0.166667,0.190482,6.000000
0.500000,0.750000,51,0.600000,0.600000,0.600000,0.464453,1.000000,0.412655,10.000000
0.500000,0.750000,52,0.300000,0.750000,0.428571,0.455556,0.500000,0.413994,4.000000
0.500000,0.750000,53,0.300000,0.300000,0.300000,0.301455,1.000000,0.294799,10.000000
0.500000,0.750000,54,0.100000,0.111111,0.105263,0.154785,0.500000,0.284377,9.000000
0.500000,0.750000,55,0.400000,0.400000,0.400000,0.201860,0.200000,0.236932,10.000000
0.500000,0.750000,56,0.200000,0.200000,0.200000,0.145971,0.500000,0.150168,10.000000
0.500000,0.750000,57,0.100000,0.071429,0.083333,0.070705,0.166667,0.182446,14.000000
0.500000,0.750000,58,0.000000,0.000000,0.000000,0.113980,0.090909,0.000000,9.000000
0.500000,0.750000,59,0.200000,0.500000,0.285714,0.242311,0.500000,0.261309,4.000000
0.500000,0.750000,60,0.300000,0.600000,0.400000,0.346339,0.500000,0.310787,5.000000
0.500000,0.750000,61,0.200000,0.400000,0.266667,0.461039,1.000000,0.445346,5.000000
0.500000,0.750000,62,0.000000,0.000000,0.000000,0.023150,0.055556,0.000000,5.000000
0.500000,0.750000,63,0.000000,0.000000,0.000000,0.048224,0.041667,0.000000,3.000000
0.500000,0.750000,64,0.100000,0.500000,0.166667,0.519608,1.000000,0.772538,2.000000
0.500000,0.750000,65,0.300000,0.200000,0.240000,0.159737,0.500000,0.288818,15.000000
0.500000,0.750000,66,0.100000,0.200000,0.133333,0.076984,0.200000,0.176196,5.000000
0.500000,0.750000,67,0.400000,0.285714,0.333333,0.284328,0.500000,0.319477,14.000000
0.500000,0.750000,68,0.100000,0.200000,0.133333,0.053716,0.125000,0.171910,5.000000
0.500000,0.750000,69,0.100000,0.200000,0.133333,0.039153,0.100000,0.138636,5.000000
0.500000,0.750000,70,0.100000,0.100000,0.100000,0.079484,0.166667,0.079666,10.000000
0.500000,0.750000,71,0.100000,0.125000,0.111111,0.096489,0.500000,0.245668,8.000000
0.500000,0.750000,72,0.100000,0.058824,0.074074,0.120113,1.000000,0.333743,17.000000
0.500000,0.750000,73,0.600000,0.300000,0.400000,0.360491,1.000000,0.703398,20.000000
0.500000,0.750000,74,0.100000,0.166667,0.125000,0.146969,0.250000,0.213959,6.000000
0.500000,0.750000,75,0.000000,0.000000,0.000000,0.020287,0.021277,0.000000,5.000000
0.500000,0.750000,76,0.200000,0.285714,0.235294,0.145712,0.333333,0.258906,7.000000
0.500000,0.750000,77,0.200000,0.333333,0.250000,0.342028,1.000000,0.173848,6.000000
0.500000,0.750000,78,0.300000,1.000000,0.461538,0.722222,1.000000,0.728257,3.000000
0.500000,0.750000,79,0.000000,0.000000,0.000000,0.039767,0.050000,0.000000,5.000000
0.500000,0.750000,80,0.000000,0.000000,0.000000,0.010951,0.016129,0.000000,4.000000
0.500000,0.750000,81,0.200000,1.000000,0.333333,0.833333,1.000000,0.543794,2.000000
0.500000,0.750000,82,0.200000,0.400000,0.266667,0.197647,0.250000,0.260262,5.000000
0.500000,0.750000,83,0.100000,0.250000,0.142857,0.118807,0.333333,0.195190,4.000000
0.500000,0.750000,84,0.300000,0.272727,0.285714,0.390531,1.000000,0.217713,11.000000
0.500000,0.750000,85,0.100000,0.250000,0.142857,0.261877,1.000000,0.135083,4.000000
0.500000,0.750000,86,0.200000,1.000000,0.333333,0.583333,0.500000,0.693426,2.000000
0.500000,0.750000,87,0.000000,0.000000,0.000000,0.010800,0.017241,0.000000,8.000000
0.500000,0.750000,88,0.600000,1.000000,0.750000,0.649603,0.500000,0.659825,6.000000
0.500000,0.750000,89,0.200000,0.333333,0.250000,0.170964,0.200000,0.247965,6.000000
0.500000,0.750000,90,0.300000,0.230769,0.260870,0.196199,0.500000,0.163282,13.000000
0.500000,0.750000,91,0.400000,0.444444,0.421053,0.358382,1.000000,0.590293,9.000000
0.500000,0.750000,92,0.600000,0.461538,0.521739,0.483718,1.000000,0.232097,13.000000
0.500000,0.750000,93,0.100000,1.000000,0.181818,0.500000,0.500000,0.630930,1.000000
0.500000,0.750000,94,0.600000,0.500000,0.545455,0.554596,1.000000,0.309471,12.000000
0.500000,0.750000,95,0.200000,1.000000,0.333333,0.333333,0.333333,0.373817,2.000000
0.500000,0.750000,96,0.600000,0.461538,0.521739,0.443704,0.500000,0.438354,13.000000
0.500000,0.750000,97,0.300000,0.300000,0.300000,0.210758,0.500000,0.264894,10.000000
0.500000,0.750000,98,0.000000,0.000000,0.000000,0.021149,0.038462,0.000000,5.000000
0.500000,0.750000,99,0.200000,0.500000,0.285714,0.228286,0.333333,0.436918,4.000000
0.500000,0.750000,100,0.300000,0.333333,0.315789,0.275872,0.500000,0.400199,9.000000
0.500000,0.750000,101,0.500000,0.833333,0.625000,0.657738,1.000000,0.766905,6.000000
0.500000,0.750000,102,0.100000,0.250000,0.142857,0.162592,0.250000,0.060525,4.000000
0.500000,0.750000,103,0.000000,0.000000,0.000000,0.042686,0.083333,0.000000,2.000000
0.500000,0.750000,104,0.100000,0.200000,0.133333,0.174998,0.500000,0.213986,5.000000
0.500000,0.750000,105,0.300000,0.600000,0.400000,0.440045,0.500000,0.570575,5.000000
0.500000,0.750000,106,0.300000,0.600000,0.400000,0.536813,1.000000,0.784280,5.000000
0.500000,0.750000,107,0.300000,0.428571,0.352941,0.274541,0.500000,0.368985,7.000000
0.500000,0.750000,108,0.500000,0.714286,0.588235,0.809066,1.000000,0.750635,7.000000
0.500000,0.750000,109,0.000000,0.000000,0.000000,0.039139,0.024390,0.000000,5.000000
0.500000,0.750000,110,0.100000,0.250000,0.142857,0.072622,0.200000,0.219848,4.000000
0.500000,0.750000,111,0.200000,0.285714,0.235294,0.264972,0.500000,0.146066,7.000000
0.500000,0.750000,112,0.100000,0.500000,0.166667,0.300000,0.500000,0.173765,2.000000
0.500000,0.750000,113,0.100000,0.250000,0.142857,0.088469,0.125000,0.123151,4.000000
0.500000,0.750000,114,0.100000,0.250000,0.142857,0.056477,0.166667,0.240588,4.000000
0.500000,0.750000,115,0.100000,0.250000,0.142857,0.072185,0.250000,0.225871,4.000000
0.500000,0.750000,116,0.100000,0.200000,0.133333,0.046224,0.142857,0.049821,5.000000
0.500000,0.750000,117,0.000000,0.000000,0.000000,0.034311,0.032258,0.000000,2.000000
0.500000,0.750000,118,0.200000,0.666667,0.307692,0.225439,0.250000,0.401749,3.000000
0.500000,0.750000,119,0.100000,1.000000,0.181818,1.000000,1.000000,1.000000,1.000000
0.500000,0.750000,120,0.300000,0.333333,0.315789,0.352768,0.500000,0.393594,9.000000
0.500000,0.750000,121,0.400000,0.571429,0.470588,0.494331,0.500000,0.486036,7.000000
0.500000,0.750000,122,0.400000,0.444444,0.421053,0.283811,0.250000,0.172632,9.000000
0.500000,0.750000,123,0.000000,0.000000,0.000000,0.079412,0.058824,0.000000,2.000000
0.500000,0.750000,124,0.000000,0.000000,0.000000,0.003922,0.005000,0.000000,4.000000
0.500000,0.750000,125,0.300000,0.176471,0.222222,0.238483,1.000000,0.409450,17.000000
0.500000,0.750000,126,0.200000,0.250000,0.222222,0.221600,1.000000,0.571145,8.000000
0.500000,0.750000,127,0.100000,0.200000,0.133333,0.103324,0.250000,0.094075,5.000000
0.500000,0.750000,128,0.000000,0.000000,0.000000,0.014391,0.021739,0.000000,2.000000
0.500000,0.750000,129,0.400000,0.571429,0.470588,0.407490,0.500000,0.547269,7.000000
0.500000,0.750000,130,0.300000,0.600000,0.400000,0.425587,1.000000,0.535752,5.000000
0.500000,0.750000,131,0.200000,0.250000,0.222222,0.291158,0.250000,0.077568,8.000000
0.500000,0.750000,132,0.700000,0.466667,0.560000,0.704185,1.000000,0.331264,15.000000
0.500000,0.750000,133,0.300000,0.428571,0.352941,0.350340,0.333333,0.270129,7.000000
0.500000,0.750000,134,0.100000,0.500000,0.166667,0.262500,0.500000,0.212845,2.000000
0.500000,0.750000,135,0.600000,0.750000,0.666667,0.541289,0.500000,0.369720,8.000000
0.500000,0.750000,136,0.200000,0.666667,0.307692,0.438889,1.000000,0.949447,3.000000
0.500000,0.750000,137,0.200000,0.500000,0.285714,0.211988,0.500000,0.239275,4.000000
0.500000,0.750000,138,0.100000,0.500000,0.166667,0.127027,0.200000,0.237198,2.000000
0.500000,0.750000,139,0.000000,0.000000,0.000000,0.009344,0.012500,0.000000,4.000000
0.500000,0.750000,140,0.200000,0.333333,0.250000,0.181787,0.500000,0.481270,6.000000
0.500000,0.750000,141,0.200000,0.333333,0.250000,0.152046,0.333333,0.235967,6.000000
0.500000,0.750000,142,0.000000,0.000000,0.000000,0.076923,0.076923,0.000000,1.000000
0.500000,0.750000,143,0.200000,1.000000,0.333333,0.666667,1.000000,0.831555,2.000000
0.500000,0.750000,144,0.400000,0.666667,0.500000,0.298209,0.250000,0.400497,6.000000
0.500000,0.750000,145,0.200000,0.285714,0.235294,0.179932,0.200000,0.176203,7.000000
0.500000,0.750000,146,0.200000,1.000000,0.333333,0.833333,1.000000,0.621567,2.000000
0.500000,0.750000,147,0.400000,0.400000,0.400000,0.287049,0.500000,0.442697,10.000000
0.500000,0.750000,148,0.200000,0.333333,0.250000,0.180307,0.333333,0.353337,6.000000
0.500000,0.750000,149,0.400000,0.363636,0.380952,0.321228,1.000000,0.428365,11.000000
0.500000,0.750000,150,0.200000,1.000000,0.333333,0.833333,1.000000,0.919721,2.000000
0.500000,0.750000,151,0.000000,0.000000,0.000000,0.026593,0.031250,0.000000,5.000000
0.500000,0.750000,152,0.000000,0.000000,0.000000,0.016357,0.033333,0.000000,6.000000
0.500000,0.750000,153,0.300000,0.428571,0.352941,0.332996,0.500000,0.292380,7.000000
0.500000,0.750000,154,0.200000,1.000000,0.333333,0.666667,1.000000,0.617742,2.000000
0.500000,0.750000,155,0.100000,0.166667,0.125000,0.138553,0.500000,0.079779,6.000000
0.500000,0.750000,156,0.700000,0.500000,0.583333,0.489703,1.000000,0.331203,14.000000
0.500000,0.750000,157,0.300000,0.076923,0.122449,0.303861,1.000000,0.311586,39.000000
0.500000,0.750000,158,0.300000,0.375000,0.333333,0.371429,1.000000,0.744756,8.000000
0.500000,0.750000,159,0.200000,0.250000,0.222222,0.071858,0.142857,0.113656,8.000000
0.500000,0.750000,160,0.100000,0.200000,0.133333,0.119741,0.500000,0.262511,5.000000
0.500000,0.750000,161,0.300000,0.500000,0.375000,0.524034,1.000000,0.797006,6.000000
0.500000,0.750000,162,0.200000,0.250000,0.222222,0.306449,1.000000,0.142632,8.000000
0.500000,0.750000,163,0.200000,0.666667,0.307692,0.219444,0.250000,0.369268,3.000000
0.500000,0.750000,164,0.500000,0.625000,0.555556,0.533076,1.000000,0.772609,8.000000
0.500000,0.750000,165,0.200000,1.000000,0.333333,0.583333,0.500000,0.693426,2.000000
0.500000,0.750000,166,0.000000,0.000000,0.000000,0.038187,0.090909,0.000000,8.000000
0.500000,0.750000,167,0.200000,1.000000,0.333333,0.833333,1.000000,0.955831,2.000000
0.500000,0.750000,168,0.100000,0.500000,0.166667,0.079449,0.125000,0.193426,2.000000
0.500000,0.750000,169,0.200000,0.500000,0.285714,0.231748,0.333333,0.363318,4.000000
0.500000,0.750000,170,0.400000,0.666667,0.500000,0.551320,1.000000,0.747396,6.000000
0.500000,0.750000,171,0.300000,1.000000,0.461538,0.638889,0.500000,0.696790,3.000000
0.500000,0.750000,172,0.400000,1.000000,0.571429,0.679167,0.500000,0.681856,4.000000
0.500000,0.750000,173,0.200000,1.000000,0.333333,1.000000,1.000000,1.000000,2.000000
0.500000,0.750000,174,0.100000,0.200000,0.133333,0.050939,0.125000,0.133802,5.000000
0.500000,0.750000,175,0.100000,0.200000,0.133333,0.047795,0.100000,0.116497,5.000000
0.500000,0.750000,176,0.100000,0.142857,0.117647,0.058847,0.111111,0.110169,7.000000
0.500000,0.750000,177,0.500000,1.000000,0.666667,0.674603,1.000000,0.926328,5.000000
0.500000,0.750000,178,0.200000,0.500000,0.285714,0.414931,1.000000,0.894685,4.000000
0.500000,0.750000,179,0.200000,0.500000,0.285714,0.325664,0.500000,0.441492,4.000000
0.500000,0.750000,180,0.300000,0.428571,0.352941,0.444085,0.500000,0.324865,7.000000
0.500000,0.750000,181,0.100000,0.200000,0.133333,0.255219,1.000000,0.172721,5.000000
0.500000,0.750000,182,0.200000,1.000000,0.333333,0.583333,0.500000,0.649031,2.000000
0.500000,0.750000,183,0.600000,0.461538,0.521739,0.594033,1.000000,0.588693,13.000000
0.500000,0.750000,184,0.200000,0.285714,0.235294,0.344818,1.000000,0.334787,7.000000
0.500000,0.750000,185,0.600000,0.666667,0.631579,0.816801,1.000000,0.819510,9.000000
0.500000,0.750000,186,0.200000,0.125000,0.153846,0.115745,0.200000,0.148764,16.000000
0.500000,0.750000,187,0.200000,0.333333,0.250000,0.186755,0.500000,0.247745,6.000000
0.500000,0.750000,188,0.500000,0.454545,0.476190,0.385183,1.000000,0.571932,11.000000
0.500000,0.750000,189,0.100000,0.111111,0.105263,0.085528,0.142857,0.048344,9.000000
0.500000,0.750000,190,0.200000,0.400000,0.266667,0.473962,1.000000,0.409775,5.000000
0.500000,0.750000,191,0.300000,0.230769,0.260870,0.280489,0.142857,0.162172,13.000000
0.500000,0.750000,192,0.300000,0.750000,0.428571,0.627976,1.000000,0.753698,4.000000
0.500000,0.750000,193,0.600000,0.666667,0.631579,0.798864,1.000000,0.726170,9.000000
0.500000,0.750000,194,0.200000,0.333333,0.250000,0.185493,0.250000,0.170479,6.000000
0.500000,0.750000,195,0.100000,0.333333,0.153846,0.117284,0.250000,0.202107,3.000000
0.500000,0.750000,196,0.200000,0.166667,0.181818,0.097396,0.333333,0.150773,12.000000
0.500000,0.750000,197,0.200000,0.666667,0.307692,0.603175,1.000000,0.625434,3.000000
0.500000,0.750000,198,0.300000,0.750000,0.428571,0.459588,1.000000,0.660638,4.000000
0.500000,0.750000,199,0.100000,0.125000,0.111111,0.101759,0.250000,0.074033,8.000000
0.500000,0.750000,200,0.100000,0.333333,0.153846,0.199430,0.333333,0.234639,3.000000
0.500000,0.750000,201,0.400000,0.250000,0.307692,0.332037,1.000000,0.598228,16.000000
0.500000,0.750000,202,0.300000,0.214286,0.250000,0.191572,0.500000,0.206726,14.000000
0.500000,0.750000,203,0.200000,0.142857,0.166667,0.133605,0.500000,0.287049,14.000000
0.500000,0.750000,204,0.000000,0.000000,0.000000,0.040524,0.029412,0.000000,14.000000
0.500000,0.750000,205,0.200000,1.000000,0.333333,0.666667,1.000000,0.831555,2.000000
0.500000,0.750000,206,0.200000,0.666667,0.307692,0.264060,0.500000,0.522575,3.000000
0.500000,0.750000,207,0.100000,0.200000,0.133333,0.130696,0.333333,0.239802,5.000000
0.500000,0.750000,208,0.600000,1.000000,0.750000,0.649603,0.500000,0.738622,6.000000
0.500000,0.750000,209,0.100000,0.083333,0.090909,0.128047,0.500000,0.103187,12.000000
0.500000,0.750000,210,0.200000,0.333333,0.250000,0.269708,0.500000,0.408496,6.000000
0.500000,0.750000,211,0.100000,0.090909,0.095238,0.137438,0.125000,0.130171,11.000000
0.500000,0.750000,212,0.500000,0.357143,0.416667,0.478308,1.000000,0.460235,14.000000
0.500000,0.750000,213,0.500000,0.454545,0.476190,0.538342,1.000000,0.545850,11.000000
0.500000,0.750000,214,0.100000,0.250000,0.142857,0.116393,0.333333,0.195190,4.000000
0.500000,0.750000,215,0.000000,0.000000,0.000000,0.048259,0.066667,0.000000,2.000000
0.500000,0.750000,216,0.000000,0.000000,0.000000,0.002421,0.002421,0.000000,1.000000
0.500000,0.750000,217,0.300000,0.200000,0.240000,0.281115,1.000000,0.267640,15.000000
0.500000,0.750000,218,0.300000,0.200000,0.240000,0.266096,0.333333,0.230315,15.000000
0.500000,0.750000,219,0.000000,0.000000,0.000000,0.034265,0.033333,0.000000,18.000000
0.500000,0.750000,220,0.200000,0.105263,0.137931,0.185996,1.000000,0.166525,19.000000
0.500000,0.750000,221,0.300000,0.166667,0.214286,0.226970,1.000000,0.261439,18.000000
0.500000,0.750000,222,0.600000,0.666667,0.631579,0.782564,1.000000,0.765397,9.000000
0.500000,0.750000,223,0.300000,0.750000,0.428571,0.487121,0.500000,0.592512,4.000000
0.500000,0.750000,224,0.100000,0.125000,0.111111,0.121158,0.166667,0.095162,8.000000
0.500000,0.750000,225,0.200000,0.083333,0.117647,0.071557,0.500000,0.073617,24.000000
0.500000,1.000000,1,0.300000,0.107143,0.157895,0.170518,0.500000,0.201481,28.000000
0.500000,1.000000,2,0.500000,0.208333,0.294118,0.243521,1.000000,0.690224,24.000000
0.500000,1.000000,3,0.600000,0.750000,0.666667,0.631130,0.500000,0.662743,8.000000
0.500000,1.000000,4,0.100000,0.500000,0.166667,0.273810,0.500000,0.386853,2.000000
0.500000,1.000000,5,0.300000,0.750000,0.428571,0.356533,0.500000,0.465791,4.000000
0.500000,1.000000,6,0.100000,0.250000,0.142857,0.158597,0.500000,0.161987,4.000000
0.500000,1.000000,7,0.200000,0.400000,0.266667,0.137499,0.250000,0.195553,5.000000
0.500000,1.000000,8,0.100000,0.090909,0.095238,0.147679,1.000000,0.306046,11.000000
0.500000,1.000000,9,0.300000,1.000000,0.461538,0.805556,1.000000,0.906025,3.000000
0.500000,1.000000,10,0.200000,0.250000,0.222222,0.163503,0.500000,0.152081,8.000000
0.500000,1.000000,11,0.100000,0.142857,0.117647,0.138263,0.166667,0.121972,7.000000
0.500000,1.000000,12,0.200000,0.400000,0.266667,0.254307,0.500000,0.262219,5.000000
0.500000,1.000000,13,0.000000,0.000000,0.000000,0.007837,0.004808,0.000000,4.000000
0.500000,1.000000,14,0.200000,1.000000,0.333333,0.611111,1.000000,0.978894,2.000000
0.500000,1.000000,15,0.200000,1.000000,0.333333,1.000000,1.000000,0.737826,2.000000
0.500000,1.000000,16,0.100000,0.333333,0.153846,0.191686,0.500000,0.182125,3.000000
0.500000,1.000000,17,0.100000,0.500000,0.166667,0.090528,0.166667,0.280390,2.000000
0.500000,1.000000,18,0.100000,0.333333,0.153846,0.355884,1.000000,0.469279,3.000000
0.500000,1.000000,19,0.100000,0.111111,0.105263,0.040466,0.200000,0.135032,9.000000
0.500000,1.000000,20,0.400000,0.444444,0.421053,0.493122,0.500000,0.457977,9.000000
0.500000,1.000000,21,0.000000,0.000000,0.000000,0.036435,0.045455,0.000000,4.000000
0.500000,1.000000,22,0.000000,0.000000,0.000000,0.001647,0.001647,0.000000,1.000000
0.500000,1.000000,23,0.300000,0.093750,0.142857,0.193575,0.333333,0.248683,32.000000
0.500000,1.000000,24,0.200000,0.666667,0.307692,0.352201,0.500000,0.575329,3.000000
0.500000,1.000000,25,0.600000,0.666667,0.631579,0.672918,1.000000,0.701134,9.000000
0.500000,1.000000,26,0.200000,0.333333,0.250000,0.183312,0.500000,0.421965,6.000000
0.500000,1.000000,27,0.200000,0.666667,0.307692,0.280773,0.500000,0.406640,3.000000
0.500000,1.000000,28,0.000000,0.000000,0.000000,0.004456,0.004149,0.000000,2.000000
0.500000,1.000000,29,0.400000,0.444444,0.421053,0.465758,1.000000,0.437322,9.000000
0.500000,1.000000,30,0.100000,0.142857,0.117647,0.101846,0.333333,0.186457,7.000000
0.500000,1.000000,31,0.000000,0.000000,0.000000,0.000929,0.000929,0.000000,1.000000
0.500000,1.000000,32,0.200000,0.333333,0.250000,0.090625,0.250000,0.060038,6.000000
0.500000,1.000000,33,0.300000,1.000000,0.461538,0.638889,0.500000,0.634729,3.000000
0.500000,1.000000,34,0.200000,0.333333,0.250000,0.183796,0.111111,0.080783,6.000000
0.500000,1.000000,35,0.000000,0.000000,0.000000,0.025491,0.029412,0.000000,3.000000
0.500000,1.000000,36,0.100000,0.500000,0.166667,0.502688,1.000000,0.337352,2.000000
0.500000,1.000000,37,0.000000,0.000000,0.000000,0.063230,0.052632,0.000000,9.000000
0.500000,1.000000,38,0.100000,0.100000,0.100000,0.054496,0.111111,0.078038,10.000000
0.500000,1.000000,39,0.200000,0.153846,0.173913,0.127556,0.500000,0.186650,13.000000
0.500000,1.000000,40,0.200000,0.166667,0.181818,0.105145,0.200000,0.079098,12.000000
0.500000,1.000000,41,0.300000,1.000000,0.461538,0.777778,1.000000,0.855815,3.000000
0.500000,1.000000,42,0.300000,0.600000,0.400000,0.170862,0.166667,0.364203,5.000000
0.500000,1.000000,43,0.400000,0.666667,0.500000,0.535884,1.000000,0.860432,6.000000
0.500000,1.000000,44,0.000000,0.000000,0.000000,0.002488,0.001355,0.000000,3.000000
0.500000,1.000000,45,0.200000,0.166667,0.181818,0.164490,0.500000,0.266091,12.000000
0.500000,1.000000,46,0.400000,0.266667,0.320000,0.342686,0.500000,0.425678,15.000000
0.500000,1.000000,47,0.500000,0.357143,0.416667,0.384713,0.333333,0.401288,14.000000
0.500000,1.000000,48,0.300000,0.272727,0.285714,0.236575,0.500000,0.422858,11.000000
0.500000,1.000000,49,0.100000,0.500000,0.166667,0.109649,0.166667,0.294311,2.000000
0.500000,1.000000,50,0.100000,0.166667,0.125000,0.072779,0.333333,0.267375,6.000000
0.500000,1.000000,51,0.500000,0.500000,0.500000,0.462129,1.000000,0.373421,10.000000
0.500000,1.000000,52,0.300000,0.750000,0.428571,0.534722,0.500000,0.465601,4.000000
0.500000,1.000000,53,0.400000,0.400000,0.400000,0.314324,1.000000,0.321267,10.000000
0.500000,1.000000,54,0.100000,0.111111,0.105263,0.149508,0.500000,0.284377,9.000000
0.500000,1.000000,55,0.400000,0.400000,0.400000,0.213983,0.250000,0.232335,10.000000
0.500000,1.000000,56,0.200000,0.200000,0.200000,0.137987,0.500000,0.139901,10.000000
0.500000,1.000000,57,0.100000,0.071429,0.083333,0.070408,0.200000,0.198143,14.000000
0.500000,1.000000,58,0.000000,0.000000,0.000000,0.120285,0.083333,0.000000,9.000000
0.500000,1.000000,59,0.200000,0.500000,0.285714,0.367641,1.000000,0.356065,4.000000
0.500000,1.000000,60,0.300000,0.600000,0.400000,0.358601,0.500000,0.310787,5.000000
0.500000,1.000000,61,0.300000,0.600000,0.400000,0.433077,1.000000,0.471514,5.000000
0.500000,1.000000,62,0.000000,0.000000,0.000000,0.025019,0.062500,0.000000,5.000000
0.500000,1.000000,63,0.000000,0.000000,0.000000,0.045616,0.038462,0.000000,3.000000
0.500000,1.000000,64,0.100000,0.500000,0.166667,0.521277,1.000000,0.772538,2.000000
0.500000,1.000000,65,0.300000,0.200000,0.240000,0.175809,0.500000,0.288818,15.000000
0.500000,1.000000,66,0.100000,0.200000,0.133333,0.090610,0.250000,0.196156,5.000000
0.500000,1.000000,67,0.400000,0.285714,0.333333,0.419174,1.000000,0.539758,14.000000
0.500000,1.000000,68,0.100000,0.200000,0.133333,0.051155,0.125000,0.171910,5.000000
0.500000,1.000000,69,0.000000,0.000000,0.000000,0.034230,0.076923,0.000000,5.000000
0.500000,1.000000,70,0.100000,0.100000,0.100000,0.073908,0.142857,0.074550,10.000000
0.500000,1.000000,71,0.100000,0.125000,0.111111,0.050328,0.142857,0.129791,8.000000
0.500000,1.000000,72,0.200000,0.117647,0.148148,0.129737,1.000000,0.347525,17.000000
0.500000,1.000000,73,0.700000,0.350000,0.466667,0.366998,1.000000,0.715238,20.000000
0.500000,1.000000,74,0.200000,0.333333,0.250000,0.137464,0.200000,0.212703,6.000000
0.500000,1.000000,75,0.000000,0.000000,0.000000,0.021145,0.024390,0.000000,5.000000
0.500000,1.000000,76,0.200000,0.285714,0.235294,0.170971,0.500000,0.281432,7.000000
0.500000,1.000000,77,0.200000,0.333333,0.250000,0.242696,0.333333,0.133616,6.000000
0.500000,1.000000,78,0.300000,1.000000,0.461538,0.500000,0.500000,0.575028,3.000000
0.500000,1.000000,79,0.000000,0.000000,0.000000,0.044764,0.043478,0.000000,5.000000
0.500000,1.000000,80,0.000000,0.000000,0.000000,0.012387,0.018868,0.000000,4.000000
0.500000,1.000000,81,0.200000,1.000000,0.333333,1.000000,1.000000,0.669439,2.000000
0.500000,1.000000,82,0.200000,0.400000,0.266667,0.197329,0.250000,0.260262,5.000000
0.500000,1.000000,83,0.100000,0.250000,0.142857,0.083378,0.200000,0.151020,4.000000
0.500000,1.000000,84,0.300000,0.272727,0.285714,0.393732,1.000000,0.217713,11.000000
0.500000,1.000000,85,0.100000,0.250000,0.142857,0.262276,1.000000,0.135083,4.000000
0.500000,1.000000,86,0.200000,1.000000,0.333333,0.583333,0.500000,0.693426,2.000000
0.500000,1.000000,87,0.000000,0.000000,0.000000,0.010878,0.016949,0.000000,8.000000
0.500000,1.000000,88,0.600000,1.000000,0.750000,0.649603,0.500000,0.659825,6.000000
0.500000,1.000000,89,0.200000,0.333333,0.250000,0.164220,0.200000,0.256281,6.000000
0.500000,1.000000,90,0.200000,0.153846,0.173913,0.180988,0.500000,0.071179,13.000000
0.500000,1.000000,91,0.400000,0.444444,0.421053,0.351660,1.000000,0.585222,9.000000
0.500000,1.000000,92,0.600000,0.461538,0.521739,0.498684,1.000000,0.238085,13.000000
0.500000,1.000000,93,0.100000,1.000000,0.181818,0.500000,0.500000,0.630930,1.000000
0.500000,1.000000,94,0.600000,0.500000,0.545455,0.552324,1.000000,0.309471,12.000000
0.500000,1.000000,95,0.200000,1.000000,0.333333,0.291667,0.250000,0.369382,2.000000
0.500000,1.000000,96,0.600000,0.461538,0.521739,0.420084,0.500000,0.430009,13.000000
0.500000,1.000000,97,0.300000,0.300000,0.300000,0.211466,0.500000,0.264894,10.000000
0.500000,1.000000,98,0.000000,0.000000,0.000000,0.021560,0.037037,0.000000,5.000000
0.500000,1.000000,99,0.200000,0.500000,0.285714,0.234168,0.333333,0.436918,4.000000
0.500000,1.000000,100,0.300000,0.333333,0.315789,0.272951,0.500000,0.400199,9.000000
0.500000,1.000000,101,0.500000,0.833333,0.625000,0.654814,1.000000,0.766905,6.000000
0.500000,1.000000,102,0.200000,0.500000,0.285714,0.242525,0.500000,0.291784,4.000000
0.500000,1.000000,103,0.000000,0.000000,0.000000,0.032269,0.062500,0.000000,2.000000
0.500000,1.000000,104,0.100000,0.200000,0.133333,0.191408,0.500000,0.213986,5.000000
0.500000,1.000000,105,0.300000,0.600000,0.400000,0.539785,1.000000,0.794323,5.000000
0.500000,1.000000,106,0.300000,0.600000,0.400000,0.510877,1.000000,0.772552,5.000000
0.500000,1.000000,107,0.300000,0.428571,0.352941,0.288458,0.500000,0.368985,7.000000
0.500000,1.000000,108,0.500000,0.714286,0.588235,0.757684,1.000000,0.721336,7.000000
0.500000,1.000000,109,0.000000,0.000000,0.000000,0.039983,0.023810,0.000000,5.000000
0.500000,1.000000,110,0.100000,0.250000,0.142857,0.107734,0.333333,0.284149,4.000000
0.500000,1.000000,111,0.200000,0.285714,0.235294,0.249447,0.333333,0.125858,7.000000
0.500000,1.000000,112,0.100000,0.500000,0.166667,0.300000,0.500000,0.173765,2.000000
0.500000,1.000000,113,0.100000,0.250000,0.142857,0.103352,0.142857,0.130127,4.000000
0.500000,1.000000,114,0.100000,0.250000,0.142857,0.055966,0.166667,0.240588,4.000000
0.500000,1.000000,115,0.100000,0.250000,0.142857,0.044249,0.142857,0.174818,4.000000
0.500000,1.000000,116,0.100000,0.200000,0.133333,0.043984,0.142857,0.049821,5.000000
0.500000,1.000000,117,0.000000,0.000000,0.000000,0.036376,0.035714,0.000000,2.000000
0.500000,1.000000,118,0.200000,0.666667,0.307692,0.204754,0.250000,0.392903,3.000000
0.500000,1.000000,119,0.100000,1.000000,0.181818,1.000000,1.000000,1.000000,1.000000
0.500000,1.000000,120,0.400000,0.444444,0.421053,0.372905,0.500000,0.432295,9.000000
0.500000,1.000000,121,0.400000,0.571429,0.470588,0.491240,0.500000,0.486036,7.000000
0.500000,1.000000,122,0.400000,0.444444,0.421053,0.283828,0.333333,0.204957,9.000000
0.500000,1.000000,123,0.000000,0.000000,0.000000,0.078869,0.062500,0.000000,2.000000
0.500000,1.000000,124,0.000000,0.000000,0.000000,0.004017,0.005263,0.000000,4.000000
0.500000,1.000000,125,0.300000,0.176471,0.222222,0.248518,1.000000,0.417439,17.000000
0.500000,1.000000,126,0.200000,0.250000,0.222222,0.221369,1.000000,0.571145,8.000000
0.500000,1.000000,127,0.100000,0.200000,0.133333,0.097406,0.250000,0.094075,5.000000
0.500000,1.000000,128,0.000000,0.000000,0.000000,0.014135,0.021277,0.000000,2.000000
0.500000,1.000000,129,0.400000,0.571429,0.470588,0.405265,0.500000,0.547269,7.000000
0.500000,1.000000,130,0.300000,0.600000,0.400000,0.412479,1.000000,0.514664,5.000000
0.500000,1.000000,131,0.200000,0.250000,0.222222,0.298487,0.200000,0.072660,8.000000
0.500000,1.000000,132,0.700000,0.466667,0.560000,0.645829,0.500000,0.271390,15.000000
0.500000,1.000000,133,0.300000,0.428571,0.352941,0.352765,0.333333,0.270836,7.000000
0.500000,1.000000,134,0.100000,0.500000,0.166667,0.263514,0.500000,0.212845,2.000000
0.500000,1.000000,135,0.400000,0.500000,0.444444,0.544453,0.500000,0.106821,8.000000
0.500000,1.000000,136,0.200000,0.666667,0.307692,0.441667,1.000000,0.949447,3.000000
0.500000,1.000000,137,0.200000,0.500000,0.285714,0.220044,0.500000,0.242981,4.000000
0.500000,1.000000,138,0.100000,0.500000,0.166667,0.127778,0.200000,0.237198,2.000000
0.500000,1.000000,139,0.000000,0.000000,0.000000,0.009447,0.011494,0.000000,4.000000
0.500000,1.000000,140,0.200000,0.333333,0.250000,0.183034,0.500000,0.481270,6.000000
0.500000,1.000000,141,0.200000,0.333333,0.250000,0.189815,0.500000,0.275491,6.000000
0.500000,1.000000,142,0.000000,0.000000,0.000000,0.083333,0.083333,0.000000,1.000000
0.500000,1.000000,143,0.200000,1.000000,0.333333,0.700000,1.000000,0.850345,2.000000
0.500000,1.000000,144,0.400000,0.666667,0.500000,0.318241,0.250000,0.419348,6.000000
0.500000,1.000000,145,0.400000,0.571429,0.470588,0.227592,0.250000,0.406475,7.000000
0.500000,1.000000,146,0.200000,1.000000,0.333333,0.833333,1.000000,0.621567,2.000000
0.500000,1.000000,147,0.400000,0.400000,0.400000,0.285433,0.500000,0.442697,10.000000
0.500000,1.000000,148,0.200000,0.333333,0.250000,0.179698,0.333333,0.353337,6.000000
0.500000,1.000000,149,0.400000,0.363636,0.380952,0.333450,1.000000,0.428365,11.000000
0.500000,1.000000,150,0.200000,1.000000,0.333333,0.833333,1.000000,0.919721,2.000000
0.500000,1.000000,151,0.000000,0.000000,0.000000,0.027037,0.031250,0.000000,5.000000
0.500000,1.000000,152,0.000000,0.000000,0.000000,0.018109,0.045455,0.000000,6.000000
0.500000,1.000000,153,0.300000,0.428571,0.352941,0.342745,0.500000,0.292380,7.000000
0.500000,1.000000,154,0.200000,1.000000,0.333333,0.666667,1.000000,0.617742,2.000000
0.500000,1.000000,155,0.100000,0.166667,0.125000,0.140262,0.500000,0.079779,6.000000
0.500000,1.000000,156,0.700000,0.500000,0.583333,0.486744,1.000000,0.323219,14.000000
0.500000,1.000000,157,0.300000,0.076923,0.122449,0.310220,1.000000,0.282769,39.000000
0.500000,1.000000,158,0.300000,0.375000,0.333333,0.407870,1.000000,0.784818,8.000000
0.500000,1.000000,159,0.200000,0.250000,0.222222,0.074942,0.142857,0.117055,8.000000
0.500000,1.000000,160,0.100000,0.200000,0.133333,0.119796,0.500000,0.262511,5.000000
0.500000,1.000000,161,0.300000,0.500000,0.375000,0.525092,1.000000,0.797006,6.000000
0.500000,1.000000,162,0.200000,0.250000,0.222222,0.314153,1.000000,0.186518,8.000000
0.500000,1.000000,163,0.200000,0.666667,0.307692,0.250000,0.333333,0.401800,3.000000
0.500000,1.000000,164,0.400000,0.500000,0.444444,0.510093,1.000000,0.705884,8.000000
0.500000,1.000000,165,0.200000,1.000000,0.333333,0.583333,0.500000,0.693426,2.000000
0.500000,1.000000,166,0.000000,0.000000,0.000000,0.036452,0.083333,0.000000,8.000000
0.500000,1.000000,167,0.200000,1.000000,0.333333,0.750000,1.000000,0.932444,2.000000
0.500000,1.000000,168,0.100000,0.500000,0.166667,0.095238,0.142857,0.204382,2.000000
0.500000,1.000000,169,0.200000,0.500000,0.285714,0.235816,0.333333,0.363318,4.000000
0.500000,1.000000,170,0.400000,0.666667,0.500000,0.557861,1.000000,0.747396,6.000000
0.500000,1.000000,171,0.300000,1.000000,0.461538,0.638889,0.500000,0.657913,3.000000
0.500000,1.000000,172,0.400000,1.000000,0.571429,0.804167,1.000000,0.884969,4.000000
0.500000,1.000000,173,0.200000,1.000000,0.333333,1.000000,1.000000,1.000000,2.000000
0.500000,1.000000,174,0.100000,0.200000,0.133333,0.056409,0.142857,0.141381,5.000000
0.500000,1.000000,175,0.100000,0.200000,0.133333,0.052862,0.125000,0.127137,5.000000
0.500000,1.000000,176,0.100000,0.142857,0.117647,0.065449,0.125000,0.115452,7.000000
0.500000,1.000000,177,0.500000,1.000000,0.666667,0.685714,1.000000,0.929295,5.000000
0.500000,1.000000,178,0.200000,0.500000,0.285714,0.415727,1.000000,0.897693,4.000000
0.500000,1.000000,179,0.200000,0.500000,0.285714,0.284115,0.500000,0.414430,4.000000
0.500000,1.000000,180,0.300000,0.428571,0.352941,0.454237,0.500000,0.324865,7.000000
0.500000,1.000000,181,0.100000,0.200000,0.133333,0.257426,1.000000,0.172721,5.000000
0.500000,1.000000,182,0.200000,1.000000,0.333333,0.583333,0.500000,0.649031,2.000000
0.500000,1.000000,183,0.700000,0.538462,0.608696,0.593529,1.000000,0.610495,13.000000
0.500000,1.000000,184,0.200000,0.285714,0.235294,0.321484,1.000000,0.327520,7.000000
0.500000,1.000000,185,0.600000,0.666667,0.631579,0.801416,1.000000,0.789316,9.000000
0.500000,1.000000,186,0.200000,0.125000,0.153846,0.121116,0.250000,0.161043,16.000000
0.500000,1.000000,187,0.200000,0.333333,0.250000,0.194526,0.500000,0.247745,6.000000
0.500000,1.000000,188,0.500000,0.454545,0.476190,0.387073,1.000000,0.571932,11.000000
0.500000,1.000000,189,0.100000,0.111111,0.105263,0.086532,0.166667,0.051661,9.000000
0.500000,1.000000,190,0.200000,0.400000,0.266667,0.479530,1.000000,0.409775,5.000000
0.500000,1.000000,191,0.300000,0.230769,0.260870,0.284993,0.142857,0.162172,13.000000
0.500000,1.000000,192,0.300000,0.750000,0.428571,0.631194,1.000000,0.753698,4.000000
0.500000,1.000000,193,0.600000,0.666667,0.631579,0.798719,1.000000,0.726170,9.000000
0.500000,1.000000,194,0.100000,0.166667,0.125000,0.188418,0.333333,0.077129,6.000000
0.500000,1.000000,195,0.100000,0.333333,0.153846,0.116402,0.250000,0.202107,3.000000
0.500000,1.000000,196,0.300000,0.250000,0.272727,0.108837,0.333333,0.228735,12.000000
0.500000,1.000000,197,0.200000,0.666667,0.307692,0.608187,1.000000,0.625434,3.000000
0.500000,1.000000,198,0.300000,0.750000,0.428571,0.459594,1.000000,0.660638,4.000000
0.500000,1.000000,199,0.100000,0.125000,0.111111,0.102941,0.250000,0.074033,8.000000
0.500000,1.000000,200,0.100000,0.333333,0.153846,0.207848,0.333333,0.234639,3.000000
0.500000,1.000000,201,0.400000,0.250000,0.307692,0.327614,1.000000,0.598228,16.000000
0.500000,1.000000,202,0.300000,0.214286,0.250000,0.193206,0.500000,0.206726,14.000000
0.500000,1.000000,203,0.200000,0.142857,0.166667,0.122091,0.500000,0.269453,14.000000
0.500000,1.000000,204,0.000000,0.000000,0.000000,0.041997,0.032258,0.000000,14.000000
0.500000,1.000000,205,0.200000,1.000000,0.333333,0.666667,1.000000,0.831555,2.000000
0.500000,1.000000,206,0.200000,0.666667,0.307692,0.264117,0.500000,0.522575,3.000000
0.500000,1.000000,207,0.100000,0.200000,0.133333,0.118092,0.250000,0.206554,5.000000
0.500000,1.000000,208,0.600000,1.000000,0.750000,0.620833,0.500000,0.740218,6.000000
0.500000,1.000000,209,0.100000,0.083333,0.090909,0.131834,0.500000,0.103187,12.000000
0.500000,1.000000,210,0.200000,0.333333,0.250000,0.270480,0.500000,0.408496,6.000000
0.500000,1.000000,211,0.100000,0.090909,0.095238,0.141890,0.125000,0.130171,11.000000
0.500000,1.000000,212,0.500000,0.357143,0.416667,0.480836,1.000000,0.460235,14.000000
0.500000,1.000000,213,0.500000,0.454545,0.476190,0.520750,1.000000,0.525228,11.000000
0.500000,1.000000,214,0.100000,0.250000,0.142857,0.159768,0.500000,0.246302,4.000000
0.500000,1.000000,215,0.000000,0.000000,0.000000,0.050640,0.071429,0.000000,2.000000
0.500000,1.000000,216,0.000000,0.000000,0.000000,0.002381,0.002381,0.000000,1.000000
0.500000,1.000000,217,0.300000,0.200000,0.240000,0.305503,1.000000,0.395553,15.000000
0.500000,1.000000,218,0.200000,0.133333,0.160000,0.215091,0.333333,0.186287,15.000000
0.500000,1.000000,219,0.000000,0.000000,0.000000,0.033695,0.029412,0.000000,18.000000
0.500000,1.000000,220,0.200000,0.105263,0.137931,0.184745,1.000000,0.166525,19.000000
0.500000,1.000000,221,0.300000,0.166667,0.214286,0.223458,1.000000,0.261439,18.000000
0.500000,1.000000,222,0.600000,0.666667,0.631579,0.760108,1.000000,0.761131,9.000000
0.500000,1.000000,223,0.300000,0.750000,0.428571,0.470238,0.500000,0.592512,4.000000
0.500000,1.000000,224,0.100000,0.125000,0.111111,0.122245,0.166667,0.095162,8.000000
0.500000,1.000000,225,0.200000,0.083333,0.117647,0.072470,0.500000,0.076714,24.000000
1.200000,0.000000,1,0.400000,0.142857,0.210526,0.158866,0.500000,0.213308,28.000000
1.200000,0.000000,2,0.400000,0.166667,0.235294,0.246384,1.000000,0.572181,24.000000
1.200000,0.000000,3,0.500000,0.625000,0.555556,0.598958,1.000000,0.658245,8.000000
1.200000,0.000000,4,0.100000,0.500000,0.166667,0.273810,0.500000,0.386853,2.000000
1.200000,0.000000,5,0.300000,0.750000,0.428571,0.489706,1.000000,0.519002,4.000000
1.200000,0.000000,6,0.100000,0.250000,0.142857,0.136818,0.333333,0.128372,4.000000
1.200000,0.000000,7,0.200000,0.400000,0.266667,0.127042,0.250000,0.189868,5.000000
1.200000,0.000000,8,0.100000,0.090909,0.095238,0.145426,1.000000,0.306046,11.000000
1.200000,0.000000,9,0.300000,1.000000,0.461538,0.476190,0.500000,0.654615,3.000000
1.200000,0.000000,10,0.100000,0.125000,0.111111,0.108708,0.500000,0.102958,8.000000
1.200000,0.000000,11,0.100000,0.142857,0.117647,0.146399,0.166667,0.121972,7.000000
1.200000,0.000000,12,0.200000,0.400000,0.266667,0.211987,0.333333,0.191872,5.000000
1.200000,0.000000,13,0.000000,0.000000,0.000000,0.007837,0.004808,0.000000,4.000000
1.200000,0.000000,14,0.100000,0.500000,0.166667,0.547619,1.000000,0.959636,2.000000
1.200000,0.000000,15,0.200000,1.000000,0.333333,0.750000,1.000000,0.560011,2.000000
1.200000,0.000000,16,0.100000,0.333333,0.153846,0.118025,0.250000,0.124320,3.000000
1.200000,0.000000,17,0.000000,0.000000,0.000000,0.027636,0.041667,0.000000,2.000000
1.200000,0.000000,18,0.100000,0.333333,0.153846,0.352014,1.000000,0.469279,3.000000
1.200000,0.000000,19,0.100000,0.111111,0.105263,0.054011,0.333333,0.174527,9.000000
1.200000,0.000000,20,0.500000,0.555556,0.526316,0.410574,0.500000,0.511953,9.000000
1.200000,0.000000,21,0.000000,0.000000,0.000000,0.029276,0.038462,0.000000,4.000000
1.200000,0.000000,22,0.000000,0.000000,0.000000,0.001647,0.001647,0.000000,1.000000
1.200000,0.000000,23,0.300000,0.093750,0.142857,0.186955,0.250000,0.205163,32.000000
1.200000,0.000000,24,0.200000,0.666667,0.307692,0.360360,0.500000,0.575329,3.000000
1.200000,0.000000,25,0.600000,0.666667,0.631579,0.711709,1.000000,0.741953,9.000000
1.200000,0.000000,26,0.200000,0.333333,0.250000,0.168946,0.333333,0.385852,6.000000
1.200000,0.000000,27,0.100000,0.333333,0.153846,0.157778,0.333333,0.144331,3.000000
1.200000,0.000000,28,0.000000,0.000000,0.000000,0.003765,0.002653,0.000000,2.000000
1.200000,0.000000,29,0.200000,0.222222,0.210526,0.284581,1.000000,0.175648,9.000000
1.200000,0.000000,30,0.100000,0.142857,0.117647,0.117385,0.500000,0.235283,7.000000
1.200000,0.000000,31,0.000000,0.000000,0.000000,0.000895,0.000895,0.000000,1.000000
1.200000,0.000000,32,0.100000,0.166667,0.125000,0.069790,0.250000,0.034654,6.000000
1.200000,0.000000,33,0.300000,1.000000,0.461538,0.638889,0.500000,0.708996,3.000000
1.200000,0.000000,34,0.300000,0.500000,0.375000,0.311596,0.500000,0.373497,6.000000
1.200000,0.000000,35,0.000000,0.000000,0.000000,0.032518,0.058824,0.000000,3.000000
1.200000,0.000000,36,0.100000,0.500000,0.166667,0.502347,1.000000,0.337352,2.000000
1.200000,0.000000,37,0.000000,0.000000,0.000000,0.065483,0.043478,0.000000,9.000000
1.200000,0.000000,38,0.100000,0.100000,0.100000,0.055353,0.100000,0.032115,10.000000
1.200000,0.000000,39,0.200000,0.153846,0.173913,0.151758,1.000000,0.386766,13.000000
1.200000,0.000000,40,0.200000,0.166667,0.181818,0.128288,0.500000,0.108341,12.000000
1.200000,0.000000,41,0.300000,1.000000,0.461538,0.777778,1.000000,0.855815,3.000000
1.200000,0.000000,42,0.200000,0.400000,0.266667,0.125687,0.142857,0.257397,5.000000
1.200000,0.000000,43,0.300000,0.500000,0.375000,0.397764,1.000000,0.630214,6.000000
1.200000,0.000000,44,0.000000,0.000000,0.000000,0.002488,0.001355,0.000000,3.000000
1.200000,0.000000,45,0.200000,0.166667,0.181818,0.195902,1.000000,0.404902,12.000000
1.200000,0.000000,46,0.600000,0.400000,0.480000,0.444158,1.000000,0.665500,15.000000
1.200000,0.000000,47,0.400000,0.285714,0.333333,0.413322,1.000000,0.460739,14.000000
1.200000,0.000000,48,0.400000,0.363636,0.380952,0.280341,0.500000,0.422480,11.000000
1.200000,0.000000,49,0.000000,0.000000,0.000000,0.024807,0.029412,0.000000,2.000000
1.200000,0.000000,50,0.000000,0.000000,0.000000,0.021232,0.030303,0.000000,6.000000
1.200000,0.000000,51,0.400000,0.400000,0.400000,0.383428,1.000000,0.458779,10.000000
1.200000,0.000000,52,0.200000,0.500000,0.285714,0.241667,0.200000,0.198167,4.000000
1.200000,0.000000,53,0.200000,0.200000,0.200000,0.286791,1.000000,0.320290,10.000000
1.200000,0.000000,54,0.100000,0.111111,0.105263,0.161942,0.333333,0.225363,9.000000
1.200000,0.000000,55,0.300000,0.300000,0.300000,0.179975,0.250000,0.158825,10.000000
1.200000,0.000000,56,0.200000,0.200000,0.200000,0.136983,0.500000,0.139901,10.000000
1.200000,0.000000,57,0.200000,0.142857,0.166667,0.089933,0.142857,0.193813,14.000000
1.200000,0.000000,58,0.100000,0.111111,0.105263,0.091855,0.142857,0.174420,9.000000
1.200000,0.000000,59,0.200000,0.500000,0.285714,0.107764,0.125000,0.155209,4.000000
1.200000,0.000000,60,0.200000,0.400000,0.266667,0.378236,1.000000,0.401416,5.000000
1.200000,0.000000,61,0.300000,0.600000,0.400000,0.494427,1.000000,0.646777,5.000000
1.200000,0.000000,62,0.000000,0.000000,0.000000,0.021602,0.047619,0.000000,5.000000
1.200000,0.000000,63,0.000000,0.000000,0.000000,0.053557,0.050000,0.000000,3.000000
1.200000,0.000000,64,0.100000,0.500000,0.166667,0.520833,1.000000,0.772538,2.000000
1.200000,0.000000,65,0.000000,0.000000,0.000000,0.089044,0.083333,0.000000,15.000000
1.200000,0.000000,66,0.000000,0.000000,0.000000,0.048461,0.062500,0.000000,5.000000
1.200000,0.000000,67,0.100000,0.071429,0.083333,0.135599,0.200000,0.122571,14.000000
1.200000,0.000000,68,0.100000,0.200000,0.133333,0.073524,0.200000,0.210813,5.000000
1.200000,0.000000,69,0.100000,0.200000,0.133333,0.042893,0.100000,0.138636,5.000000
1.200000,0.000000,70,0.100000,0.100000,0.100000,0.105996,0.333333,0.111825,10.000000
1.200000,0.000000,71,0.100000,0.125000,0.111111,0.170614,1.000000,0.389374,8.000000
1.200000,0.000000,72,0.100000,0.058824,0.074074,0.060478,0.166667,0.118882,17.000000
1.200000,0.000000,73,0.700000,0.350000,0.466667,0.376250,1.000000,0.786198,20.000000
1.200000,0.000000,74,0.100000,0.166667,0.125000,0.192928,0.500000,0.313444,6.000000
1.200000,0.000000,75,0.000000,0.000000,0.000000,0.018688,0.018519,0.000000,5.000000
1.200000,0.000000,76,0.200000,0.285714,0.235294,0.128479,0.333333,0.254987,7.000000
1.200000,0.000000,77,0.200000,0.333333,0.250000,0.330765,1.000000,0.184426,6.000000
1.200000,0.000000,78,0.300000,1.000000,0.461538,0.791667,1.000000,0.804683,3.000000
1.200000,0.000000,79,0.000000,0.000000,0.000000,0.033142,0.071429,0.000000,5.000000
1.200000,0.000000,80,0.000000,0.000000,0.000000,0.009073,0.012658,0.000000,4.000000
1.200000,0.000000,81,0.200000,1.000000,0.333333,0.666667,1.000000,0.405805,2.000000
1.200000,0.000000,82,0.200000,0.400000,0.266667,0.139911,0.200000,0.227332,5.000000
1.200000,0.000000,83,0.100000,0.250000,0.142857,0.139796,0.333333,0.195190,4.000000
1.200000,0.000000,84,0.300000,0.272727,0.285714,0.376010,1.000000,0.217713,11.000000
1.200000,0.000000,85,0.100000,0.250000,0.142857,0.135954,0.500000,0.085228,4.000000
1.200000,0.000000,86,0.200000,1.000000,0.333333,0.416667,0.500000,0.605260,2.000000
1.200000,0.000000,87,0.000000,0.000000,0.000000,0.010271,0.014085,0.000000,8.000000
1.200000,0.000000,88,0.600000,1.000000,0.750000,0.594048,0.333333,0.642737,6.000000
1.200000,0.000000,89,0.100000,0.166667,0.125000,0.134891,0.200000,0.082366,6.000000
1.200000,0.000000,90,0.300000,0.230769,0.260870,0.250347,1.000000,0.353086,13.000000
1.200000,0.000000,91,0.400000,0.444444,0.421053,0.369936,1.000000,0.600189,9.000000
1.200000,0.000000,92,0.600000,0.461538,0.521739,0.459362,1.000000,0.227329,13.000000
1.200000,0.000000,93,0.100000,1.000000,0.181818,0.500000,0.500000,0.630930,1.000000
1.200000,0.000000,94,0.500000,0.416667,0.454545,0.544481,1.000000,0.286482,12.000000
1.200000,0.000000,95,0.200000,1.000000,0.333333,0.350000,0.500000,0.317761,2.000000
1.200000,0.000000,96,0.700000,0.538462,0.608696,0.526040,1.000000,0.584863,13.000000
1.200000,0.000000,97,0.300000,0.300000,0.300000,0.216623,0.500000,0.278478,10.000000
1.200000,0.000000,98,0.000000,0.000000,0.000000,0.021811,0.055556,0.000000,5.000000
1.200000,0.000000,99,0.200000,0.500000,0.285714,0.286549,0.500000,0.523013,4.000000
1.200000,0.000000,100,0.300000,0.333333,0.315789,0.317299,1.000000,0.502767,9.000000
1.200000,0.000000,101,0.500000,0.833333,0.625000,0.552381,0.500000,0.580141,6.000000
1.200000,0.000000,102,0.100000,0.250000,0.142857,0.072675,0.125000,0.044333,4.000000
1.200000,0.000000,103,0.100000,0.500000,0.166667,0.101019,0.200000,0.237198,2.000000
1.200000,0.000000,104,0.100000,0.200000,0.133333,0.139617,0.500000,0.213986,5.000000
1.200000,0.000000,105,0.300000,0.600000,0.400000,0.453800,0.500000,0.570575,5.000000
1.200000,0.000000,106,0.300000,0.600000,0.400000,0.390079,0.500000,0.527773,5.000000
1.200000,0.000000,107,0.200000,0.285714,0.235294,0.242670,0.500000,0.314255,7.000000
1.200000,0.000000,108,0.500000,0.714286,0.588235,0.702139,1.000000,0.694897,7.000000
1.200000,0.000000,109,0.000000,0.000000,0.000000,0.032881,0.026316,0.000000,5.000000
1.200000,0.000000,110,0.000000,0.000000,0.000000,0.030459,0.045455,0.000000,4.000000
1.200000,0.000000,111,0.100000,0.142857,0.117647,0.202148,0.250000,0.066470,7.000000
1.200000,0.000000,112,0.200000,1.000000,0.333333,0.350000,0.500000,0.412601,2.000000
1.200000,0.000000,113,0.100000,0.250000,0.142857,0.067068,0.166667,0.139056,4.000000
1.200000,0.000000,114,0.100000,0.250000,0.142857,0.042428,0.111111,0.203320,4.000000
1.200000,0.000000,115,0.100000,0.250000,0.142857,0.048753,0.142857,0.174818,4.000000
1.200000,0.000000,116,0.100000,0.200000,0.133333,0.051312,0.125000,0.047151,5.000000
1.200000,0.000000,117,0.000000,0.000000,0.000000,0.028373,0.025000,0.000000,2.000000
1.200000,0.000000,118,0.200000,0.666667,0.307692,0.182803,0.200000,0.363386,3.000000
1.200000,0.000000,119,0.100000,1.000000,0.181818,0.500000,0.500000,0.630930,1.000000
1.200000,0.000000,120,0.300000,0.333333,0.315789,0.335111,0.500000,0.345070,9.000000
1.200000,0.000000,121,0.400000,0.571429,0.470588,0.444217,0.500000,0.483593,7.000000
1.200000,0.000000,122,0.200000,0.222222,0.210526,0.149445,0.250000,0.035345,9.000000
1.200000,0.000000,123,0.000000,0.000000,0.000000,0.077381,0.083333,0.000000,2.000000
1.200000,0.000000,124,0.000000,0.000000,0.000000,0.003777,0.005051,0.000000,4.000000
1.200000,0.000000,125,0.300000,0.176471,0.222222,0.255954,1.000000,0.396807,17.000000
1.200000,0.000000,126,0.200000,0.250000,0.222222,0.264067,1.000000,0.620999,8.000000
1.200000,0.000000,127,0.200000,0.400000,0.266667,0.157765,0.333333,0.256549,5.000000
1.200000,0.000000,128,0.000000,0.000000,0.000000,0.015986,0.023810,0.000000,2.000000
1.200000,0.000000,129,0.400000,0.571429,0.470588,0.388922,0.500000,0.568949,7.000000
1.200000,0.000000,130,0.300000,0.600000,0.400000,0.478145,1.000000,0.579695,5.000000
1.200000,0.000000,131,0.300000,0.375000,0.333333,0.296984,0.250000,0.143711,8.000000
1.200000,0.000000,132,0.600000,0.400000,0.480000,0.692130,1.000000,0.313024,15.000000
1.200000,0.000000,133,0.200000,0.285714,0.235294,0.369832,1.000000,0.463991,7.000000
1.200000,0.000000,134,0.100000,0.500000,0.166667,0.511111,1.000000,0.337352,2.000000
1.200000,0.000000,135,0.500000,0.625000,0.555556,0.475748,0.500000,0.334810,8.000000
1.200000,0.000000,136,0.200000,0.666667,0.307692,0.174357,0.250000,0.419144,3.000000
1.200000,0.000000,137,0.100000,0.250000,0.142857,0.190093,0.500000,0.161987,4.000000
1.200000,0.000000,138,0.100000,0.500000,0.166667,0.274390,0.500000,0.386853,2.000000
1.200000,0.000000,139,0.000000,0.000000,0.000000,0.008317,0.014286,0.000000,4.000000
1.200000,0.000000,140,0.200000,0.333333,0.250000,0.114322,0.200000,0.351365,6.000000
1.200000,0.000000,141,0.100000,0.166667,0.125000,0.112676,0.250000,0.090784,6.000000
1.200000,0.000000,142,0.000000,0.000000,0.000000,0.055556,0.055556,0.000000,1.000000
1.200000,0.000000,143,0.200000,1.000000,0.333333,0.600000,1.000000,0.790386,2.000000
1.200000,0.000000,144,0.200000,0.333333,0.250000,0.281630,0.500000,0.193751,6.000000
1.200000,0.000000,145,0.100000,0.142857,0.117647,0.140840,0.250000,0.147105,7.000000
1.200000,0.000000,146,0.200000,1.000000,0.333333,0.333333,0.333333,0.507235,2.000000
1.200000,0.000000,147,0.400000,0.400000,0.400000,0.299067,0.500000,0.448717,10.000000
1.200000,0.000000,148,0.200000,0.333333,0.250000,0.120274,0.200000,0.266639,6.000000
1.200000,0.000000,149,0.300000,0.272727,0.285714,0.284309,1.000000,0.362887,11.000000
1.200000,0.000000,150,0.200000,1.000000,0.333333,1.000000,1.000000,1.000000,2.000000
1.200000,0.000000,151,0.000000,0.000000,0.000000,0.023516,0.035714,0.000000,5.000000
1.200000,0.000000,152,0.000000,0.000000,0.000000,0.015803,0.015625,0.000000,6.000000
1.200000,0.000000,153,0.300000,0.428571,0.352941,0.317664,1.000000,0.280267,7.000000
1.200000,0.000000,154,0.200000,1.000000,0.333333,0.750000,1.000000,0.676361,2.000000
1.200000,0.000000,155,0.100000,0.166667,0.125000,0.148363,0.500000,0.079779,6.000000
1.200000,0.000000,156,0.800000,0.571429,0.666667,0.551006,1.000000,0.440528,14.000000
1.200000,0.000000,157,0.500000,0.128205,0.204082,0.275160,1.000000,0.437748,39.000000
1.200000,0.000000,158,0.200000,0.250000,0.222222,0.274053,1.000000,0.575715,8.000000
1.200000,0.000000,159,0.100000,0.125000,0.111111,0.064185,0.100000,0.027366,8.000000
1.200000,0.000000,160,0.100000,0.200000,0.133333,0.218677,1.000000,0.416070,5.000000
1.200000,0.000000,161,0.300000,0.500000,0.375000,0.443993,1.000000,0.787388,6.000000
1.200000,0.000000,162,0.100000,0.125000,0.111111,0.164384,0.500000,0.041534,8.000000
1.200000,0.000000,163,0.200000,0.666667,0.307692,0.173280,0.250000,0.343374,3.000000
1.200000,0.000000,164,0.400000,0.500000,0.444444,0.555665,1.000000,0.772753,8.000000
1.200000,0.000000,165,0.200000,1.000000,0.333333,0.375000,0.500000,0.580279,2.000000
1.200000,0.000000,166,0.000000,0.000000,0.000000,0.039144,0.090909,0.000000,8.000000
1.200000,0.000000,167,0.200000,1.000000,0.333333,1.000000,1.000000,1.000000,2.000000
1.200000,0.000000,168,0.100000,0.500000,0.166667,0.060753,0.100000,0.177239,2.000000
1.200000,0.000000,169,0.200000,0.500000,0.285714,0.221392,0.333333,0.363318,4.000000
1.200000,0.000000,170,0.400000,0.666667,0.500000,0.413779,0.500000,0.513094,6.000000
1.200000,0.000000,171,0.300000,1.000000,0.461538,0.500000,0.500000,0.691596,3.000000
1.200000,0.000000,172,0.400000,1.000000,0.571429,0.608333,0.500000,0.596721,4.000000
1.200000,0.000000,173,0.200000,1.000000,0.333333,1.000000,1.000000,1.000000,2.000000
1.200000,0.000000,174,0.000000,0.000000,0.000000,0.040360,0.090909,0.000000,5.000000
1.200000,0.000000,175,0.000000,0.000000,0.000000,0.040436,0.050000,0.000000,5.000000
1.200000,0.000000,176,0.000000,0.000000,0.000000,0.040894,0.055556,0.000000,7.000000
1.200000,0.000000,177,0.300000,0.600000,0.400000,0.624650,1.000000,0.803814,5.000000
1.200000,0.000000,178,0.300000,0.750000,0.428571,0.638095,1.000000,0.891345,4.000000
1.200000,0.000000,179,0.200000,0.500000,0.285714,0.424528,1.000000,0.558508,4.000000
1.200000,0.000000,180,0.400000,0.571429,0.470588,0.396799,0.500000,0.486974,7.000000
1.200000,0.000000,181,0.100000,0.200000,0.133333,0.247915,1.000000,0.172721,5.000000
1.200000,0.000000,182,0.200000,1.000000,0.333333,0.833333,1.000000,0.976748,2.000000
1.200000,0.000000,183,0.700000,0.538462,0.608696,0.618994,1.000000,0.411481,13.000000
1.200000,0.000000,184,0.200000,0.285714,0.235294,0.258639,0.500000,0.233504,7.000000
1.200000,0.000000,185,0.600000,0.666667,0.631579,0.793874,1.000000,0.821080,9.000000
1.200000,0.000000,186,0.300000,0.187500,0.230769,0.142334,0.250000,0.237584,16.000000
1.200000,0.000000,187,0.200000,0.333333,0.250000,0.157863,0.500000,0.241928,6.000000
1.200000,0.000000,188,0.500000,0.454545,0.476190,0.320652,0.500000,0.466442,11.000000
1.200000,0.000000,189,0.200000,0.222222,0.210526,0.123681,0.200000,0.104450,9.000000
1.200000,0.000000,190,0.200000,0.400000,0.266667,0.322096,1.000000,0.247084,5.000000
1.200000,0.000000,191,0.200000,0.153846,0.173913,0.314206,0.166667,0.050318,13.000000
1.200000,0.000000,192,0.300000,0.750000,0.428571,0.705357,1.000000,0.804810,4.000000
1.200000,0.000000,193,0.700000,0.777778,0.736842,0.785678,1.000000,0.818492,9.000000
1.200000,0.000000,194,0.300000,0.500000,0.375000,0.220889,0.200000,0.291930,6.000000
1.200000,0.000000,195,0.100000,0.333333,0.153846,0.360526,1.000000,0.469279,3.000000
1.200000,0.000000,196,0.100000,0.083333,0.090909,0.058984,0.250000,0.050818,12.000000
1.200000,0.000000,197,0.200000,0.666667,0.307692,0.611111,1.000000,0.625434,3.000000
1.200000,0.000000,198,0.300000,0.750000,0.428571,0.383541,1.000000,0.615380,4.000000
1.200000,0.000000,199,0.100000,0.125000,0.111111,0.098222,0.250000,0.074033,8.000000
1.200000,0.000000,200,0.200000,0.666667,0.307692,0.276398,0.500000,0.452508,3.000000
1.200000,0.000000,201,0.400000,0.250000,0.307692,0.302540,1.000000,0.587191,16.000000
1.200000,0.000000,202,0.300000,0.214286,0.250000,0.248183,1.000000,0.210535,14.000000
1.200000,0.000000,203,0.200000,0.142857,0.166667,0.208891,1.000000,0.413957,14.000000
1.200000,0.000000,204,0.000000,0.000000,0.000000,0.037527,0.035714,0.000000,14.000000
1.200000,0.000000,205,0.200000,1.000000,0.333333,0.666667,1.000000,0.831555,2.000000
1.200000,0.000000,206,0.200000,0.666667,0.307692,0.301808,0.500000,0.551579,3.000000
1.200000,0.000000,207,0.200000,0.400000,0.266667,0.122719,0.200000,0.244952,5.000000
1.200000,0.000000,208,0.600000,1.000000,0.750000,0.660714,0.500000,0.721743,6.000000
1.200000,0.000000,209,0.100000,0.083333,0.090909,0.118907,0.500000,0.103187,12.000000
1.200000,0.000000,210,0.200000,0.333333,0.250000,0.353016,1.000000,0.492365,6.000000
1.200000,0.000000,211,0.100000,0.090909,0.095238,0.130743,0.166667,0.146983,11.000000
1.200000,0.000000,212,0.400000,0.285714,0.333333,0.453281,1.000000,0.516665,14.000000
1.200000,0.000000,213,0.500000,0.454545,0.476190,0.571692,1.000000,0.535218,11.000000
1.200000,0.000000,214,0.100000,0.250000,0.142857,0.107786,0.333333,0.195190,4.000000
1.200000,0.000000,215,0.000000,0.000000,0.000000,0.033120,0.038462,0.000000,2.000000
1.200000,0.000000,216,0.000000,0.000000,0.000000,0.002933,0.002933,0.000000,1.000000
1.200000,0.000000,217,0.200000,0.133333,0.160000,0.192034,0.500000,0.068111,15.000000
1.200000,0.000000,218,0.400000,0.266667,0.320000,0.294696,0.500000,0.421603,15.000000
1.200000,0.000000,219,0.000000,0.000000,0.000000,0.038779,0.026316,0.000000,18.000000
1.200000,0.000000,220,0.200000,0.105263,0.137931,0.167024,0.500000,0.118723,19.000000
1.200000,0.000000,221,0.300000,0.166667,0.214286,0.228667,1.000000,0.265987,18.000000
1.200000,0.000000,222,0.600000,0.666667,0.631579,0.810593,1.000000,0.743816,9.000000
1.200000,0.000000,223,0.300000,0.750000,0.428571,0.675595,1.000000,0.753698,4.000000
1.200000,0.000000,224,0.100000,0.125000,0.111111,0.129158,0.142857,0.089051,8.000000
1.200000,0.000000,225,0.200000,0.083333,0.117647,0.095047,1.000000,0.093373,24.000000
1.200000,0.750000,1,0.300000,0.107143,0.157895,0.226308,1.000000,0.266644,28.000000
1.200000,0.750000,2,0.500000,0.208333,0.294118,0.236277,1.000000,0.691931,24.000000
1.200000,0.750000,3,0.700000,0.875000,0.777778,0.655937,0.500000,0.740380,8.000000
1.200000,0.750000,4,0.100000,0.500000,0.166667,0.278571,0.500000,0.386853,2.000000
1.200000,0.750000,5,0.300000,0.750000,0.428571,0.327564,0.333333,0.463968,4.000000
1.200000,0.750000,6,0.100000,0.250000,0.142857,0.170884,0.500000,0.161987,4.000000
1.200000,0.750000,7,0.200000,0.400000,0.266667,0.156595,0.250000,0.203169,5.000000
1.200000,0.750000,8,0.100000,0.090909,0.095238,0.161005,1.000000,0.306046,11.000000
1.200000,0.750000,9,0.300000,1.000000,0.461538,0.805556,1.000000,0.906025,3.000000
1.200000,0.750000,10,0.100000,0.125000,0.111111,0.162080,0.500000,0.102958,8.000000
1.200000,0.750000,11,0.200000,0.285714,0.235294,0.186378,0.250000,0.181623,7.000000
1.200000,0.750000,12,0.200000,0.400000,0.266667,0.251722,0.500000,0.262219,5.000000
1.200000,0.750000,13,0.000000,0.000000,0.000000,0.007837,0.004808,0.000000,4.000000
1.200000,0.750000,14,0.200000,1.000000,0.333333,0.611111,1.000000,0.978894,2.000000
1.200000,0.750000,15,0.200000,1.000000,0.333333,1.000000,1.000000,0.737826,2.000000
1.200000,0.750000,16,0.100000,0.333333,0.153846,0.200654,0.500000,0.182125,3.000000
1.200000,0.750000,17,0.100000,0.500000,0.166667,0.078675,0.142857,0.262385,2.000000
1.200000,0.750000,18,0.100000,0.333333,0.153846,0.355899,1.000000,0.469279,3.000000
1.200000,0.750000,19,0.100000,0.111111,0.105263,0.055134,0.333333,0.174527,9.000000
1.200000,0.750000,20,0.600000,0.666667,0.631579,0.575377,0.500000,0.596676,9.000000
1.200000,0.750000,21,0.000000,0.000000,0.000000,0.049819,0.062500,0.000000,4.000000
1.200000,0.750000,22,0.000000,0.000000,0.000000,0.001647,0.001647,0.000000,1.000000
1.200000,0.750000,23,0.400000,0.125000,0.190476,0.216850,0.500000,0.306552,32.000000
1.200000,0.750000,24,0.200000,0.666667,0.307692,0.361111,0.500000,0.575329,3.000000
1.200000,0.750000,25,0.600000,0.666667,0.631579,0.703735,1.000000,0.690076,9.000000
1.200000,0.750000,26,0.200000,0.333333,0.250000,0.233164,0.500000,0.468875,6.000000
1.200000,0.750000,27,0.200000,0.666667,0.307692,0.147811,0.166667,0.305580,3.000000
1.200000,0.750000,28,0.000000,0.000000,0.000000,0.004870,0.003891,0.000000,2.000000
1.200000,0.750000,29,0.400000,0.444444,0.421053,0.440656,1.000000,0.413084,9.000000
1.200000,0.750000,30,0.100000,0.142857,0.117647,0.074265,0.200000,0.144263,7.000000
1.200000,0.750000,31,0.000000,0.000000,0.000000,0.000926,0.000926,0.000000,1.000000
1.200000,0.750000,32,0.200000,0.333333,0.250000,0.130538,0.333333,0.071360,6.000000
1.200000,0.750000,33,0.300000,1.000000,0.461538,0.638889,0.500000,0.683286,3.000000
1.200000,0.750000,34,0.200000,0.333333,0.250000,0.258598,0.333333,0.114082,6.000000
1.200000,0.750000,35,0.000000,0.000000,0.000000,0.025488,0.033333,0.000000,3.000000
1.200000,0.750000,36,0.100000,0.500000,0.166667,0.502571,1.000000,0.337352,2.000000
1.200000,0.750000,37,0.000000,0.000000,0.000000,0.085231,0.090909,0.000000,9.000000
1.200000,0.750000,38,0.000000,0.000000,0.000000,0.049499,0.071429,0.000000,10.000000
1.200000,0.750000,39,0.200000,0.153846,0.173913,0.133780,0.500000,0.257688,13.000000
1.200000,0.750000,40,0.200000,0.166667,0.181818,0.111848,0.333333,0.094404,12.000000
1.200000,0.750000,41,0.300000,1.000000,0.461538,0.791667,1.000000,0.863558,3.000000
1.200000,0.750000,42,0.300000,0.600000,0.400000,0.180336,0.166667,0.367790,5.000000
1.200000,0.750000,43,0.400000,0.666667,0.500000,0.570481,1.000000,0.863023,6.000000
1.200000,0.750000,44,0.000000,0.000000,0.000000,0.002488,0.001355,0.000000,3.000000
1.200000,0.750000,45,0.100000,0.083333,0.090909,0.200376,1.000000,0.347319,12.000000
1.200000,0.750000,46,0.600000,0.400000,0.480000,0.375794,1.000000,0.635566,15.000000
1.200000,0.750000,47,0.600000,0.428571,0.500000,0.382607,0.250000,0.380494,14.000000
1.200000,0.750000,48,0.300000,0.272727,0.285714,0.198075,0.500000,0.388889,11.000000
1.200000,0.750000,49,0.100000,0.500000,0.166667,0.100000,0.142857,0.275412,2.000000
1.200000,0.750000,50,0.100000,0.166667,0.125000,0.074068,0.333333,0.267375,6.000000
1.200000,0.750000,51,0.600000,0.600000,0.600000,0.541071,1.000000,0.449638,10.000000
1.200000,0.750000,52,0.400000,1.000000,0.571429,0.590278,0.500000,0.602904,4.000000
1.200000,0.750000,53,0.300000,0.300000,0.300000,0.268162,1.000000,0.277785,10.000000
1.200000,0.750000,54,0.100000,0.111111,0.105263,0.141287,0.500000,0.284377,9.000000
1.200000,0.750000,55,0.400000,0.400000,0.400000,0.312388,0.500000,0.289532,10.000000
1.200000,0.750000,56,0.200000,0.200000,0.200000,0.160972,0.500000,0.150168,10.000000
1.200000,0.750000,57,0.100000,0.071429,0.083333,0.083724,0.333333,0.256096,14.000000
1.200000,0.750000,58,0.100000,0.111111,0.105263,0.143386,0.111111,0.157517,9.000000
1.200000,0.750000,59,0.200000,0.500000,0.285714,0.371994,1.000000,0.356065,4.000000
1.200000,0.750000,60,0.300000,0.600000,0.400000,0.460342,1.000000,0.409554,5.000000
1.200000,0.750000,61,0.400000,0.800000,0.533333,0.555141,1.000000,0.711931,5.000000
1.200000,0.750000,62,0.000000,0.000000,0.000000,0.030686,0.076923,0.000000,5.000000
1.200000,0.750000,63,0.000000,0.000000,0.000000,0.050575,0.050000,0.000000,3.000000
1.200000,0.750000,64,0.100000,0.500000,0.166667,0.533333,1.000000,0.772538,2.000000
1.200000,0.750000,65,0.500000,0.333333,0.400000,0.226549,0.500000,0.383877,15.000000
1.200000,0.750000,66,0.100000,0.200000,0.133333,0.124364,0.333333,0.227730,5.000000
1.200000,0.750000,67,0.600000,0.428571,0.500000,0.493106,1.000000,0.584035,14.000000
1.200000,0.750000,68,0.100000,0.200000,0.133333,0.063280,0.200000,0.210813,5.000000
1.200000,0.750000,69,0.000000,0.000000,0.000000,0.038683,0.071429,0.000000,5.000000
1.200000,0.750000,70,0.100000,0.100000,0.100000,0.085286,0.200000,0.086519,10.000000
1.200000,0.750000,71,0.100000,0.125000,0.111111,0.051543,0.142857,0.129791,8.000000
1.200000,0.750000,72,0.200000,0.117647,0.148148,0.134256,1.000000,0.349636,17.000000
1.200000,0.750000,73,0.700000,0.350000,0.466667,0.366002,1.000000,0.701075,20.000000
1.200000,0.750000,74,0.100000,0.166667,0.125000,0.137267,0.111111,0.149551,6.000000
1.200000,0.750000,75,0.000000,0.000000,0.000000,0.028645,0.066667,0.000000,5.000000
1.200000,0.750000,76,0.200000,0.285714,0.235294,0.196733,0.500000,0.309260,7.000000
1.200000,0.750000,77,0.200000,0.333333,0.250000,0.348309,1.000000,0.173848,6.000000
1.200000,0.750000,78,0.300000,1.000000,0.461538,0.722222,1.000000,0.728257,3.000000
1.200000,0.750000,79,0.000000,0.000000,0.000000,0.052226,0.055556,0.000000,5.000000
1.200000,0.750000,80,0.000000,0.000000,0.000000,0.016219,0.026316,0.000000,4.000000
1.200000,0.750000,81,0.200000,1.000000,0.333333,0.750000,1.000000,0.477268,2.000000
1.200000,0.750000,82,0.300000,0.600000,0.400000,0.355161,1.000000,0.503050,5.000000
1.200000,0.750000,83,0.100000,0.250000,0.142857,0.106186,0.250000,0.168128,4.000000
1.200000,0.750000,84,0.300000,0.272727,0.285714,0.386956,1.000000,0.217713,11.000000
1.200000,0.750000,85,0.100000,0.250000,0.142857,0.262365,1.000000,0.135083,4.000000
1.200000,0.750000,86,0.200000,1.000000,0.333333,0.583333,0.500000,0.693426,2.000000
1.200000,0.750000,87,0.000000,0.000000,0.000000,0.011221,0.014706,0.000000,8.000000
1.200000,0.750000,88,0.600000,1.000000,0.750000,0.649603,0.500000,0.659825,6.000000
1.200000,0.750000,89,0.100000,0.166667,0.125000,0.178132,0.333333,0.248399,6.000000
1.200000,0.750000,90,0.300000,0.230769,0.260870,0.222505,0.500000,0.160789,13.000000
1.200000,0.750000,91,0.400000,0.444444,0.421053,0.362023,1.000000,0.588837,9.000000
1.200000,0.750000,92,0.600000,0.461538,0.521739,0.539937,1.000000,0.243369,13.000000
1.200000,0.750000,93,0.100000,1.000000,0.181818,0.500000,0.500000,0.630930,1.000000
1.200000,0.750000,94,0.600000,0.500000,0.545455,0.565274,1.000000,0.316847,12.000000
1.200000,0.750000,95,0.200000,1.000000,0.333333,0.392857,0.500000,0.360243,2.000000
1.200000,0.750000,96,0.600000,0.461538,0.521739,0.422931,0.500000,0.430768,13.000000
1.200000,0.750000,97,0.300000,0.300000,0.300000,0.204553,0.500000,0.256695,10.000000
1.200000,0.750000,98,0.000000,0.000000,0.000000,0.024645,0.045455,0.000000,5.000000
1.200000,0.750000,99,0.200000,0.500000,0.285714,0.237739,0.333333,0.436918,4.000000
1.200000,0.750000,100,0.300000,0.333333,0.315789,0.228829,0.500000,0.383296,9.000000
1.200000,0.750000,101,0.500000,0.833333,0.625000,0.745833,1.000000,0.820330,6.000000
1.200000,0.750000,102,0.200000,0.500000,0.285714,0.367438,1.000000,0.374757,4.000000
1.200000,0.750000,103,0.000000,0.000000,0.000000,0.028797,0.055556,0.000000,2.000000
1.200000,0.750000,104,0.100000,0.200000,0.133333,0.139964,0.333333,0.169580,5.000000
1.200000,0.750000,105,0.300000,0.600000,0.400000,0.448289,0.500000,0.570575,5.000000
1.200000,0.750000,106,0.300000,0.600000,0.400000,0.447427,1.000000,0.752046,5.000000
1.200000,0.750000,107,0.300000,0.428571,0.352941,0.287386,0.500000,0.331944,7.000000
1.200000,0.750000,108,0.500000,0.714286,0.588235,0.751391,1.000000,0.701823,7.000000
1.200000,0.750000,109,0.000000,0.000000,0.000000,0.037685,0.025641,0.000000,5.000000
1.200000,0.750000,110,0.100000,0.250000,0.142857,0.152579,0.500000,0.358556,4.000000
1.200000,0.750000,111,0.200000,0.285714,0.235294,0.260203,0.333333,0.125858,7.000000
1.200000,0.750000,112,0.100000,0.500000,0.166667,0.312500,0.500000,0.173765,2.000000
1.200000,0.750000,113,0.100000,0.250000,0.142857,0.148706,0.333333,0.195190,4.000000
1.200000,0.750000,114,0.100000,0.250000,0.142857,0.053835,0.142857,0.225139,4.000000
1.200000,0.750000,115,0.100000,0.250000,0.142857,0.057143,0.200000,0.202887,4.000000
1.200000,0.750000,116,0.100000,0.200000,0.133333,0.062038,0.250000,0.064371,5.000000
1.200000,0.750000,117,0.000000,0.000000,0.000000,0.036667,0.033333,0.000000,2.000000
1.200000,0.750000,118,0.200000,0.666667,0.307692,0.225595,0.250000,0.401749,3.000000
1.200000,0.750000,119,0.100000,1.000000,0.181818,1.000000,1.000000,1.000000,1.000000
1.200000,0.750000,120,0.400000,0.444444,0.421053,0.414418,0.500000,0.441284,9.000000
1.200000,0.750000,121,0.400000,0.571429,0.470588,0.502984,0.500000,0.477179,7.000000
1.200000,0.750000,122,0.400000,0.444444,0.421053,0.294554,0.333333,0.177992,9.000000
1.200000,0.750000,123,0.000000,0.000000,0.000000,0.092157,0.066667,0.000000,2.000000
1.200000,0.750000,124,0.000000,0.000000,0.000000,0.004299,0.006711,0.000000,4.000000
1.200000,0.750000,125,0.300000,0.176471,0.222222,0.263782,1.000000,0.409450,17.000000
1.200000,0.750000,126,0.200000,0.250000,0.222222,0.221938,1.000000,0.571145,8.000000
1.200000,0.750000,127,0.100000,0.200000,0.133333,0.106730,0.250000,0.094075,5.000000
1.200000,0.750000,128,0.000000,0.000000,0.000000,0.017064,0.026316,0.000000,2.000000
1.200000,0.750000,129,0.400000,0.571429,0.470588,0.398711,0.500000,0.547269,7.000000
1.200000,0.750000,130,0.400000,0.800000,0.533333,0.503663,1.000000,0.625108,5.000000
1.200000,0.750000,131,0.300000,0.375000,0.333333,0.318660,0.200000,0.125968,8.000000
1.200000,0.750000,132,0.700000,0.466667,0.560000,0.681328,1.000000,0.321632,15.000000
1.200000,0.750000,133,0.200000,0.285714,0.235294,0.258627,0.125000,0.270485,7.000000
1.200000,0.750000,134,0.100000,0.500000,0.166667,0.270000,0.500000,0.212845,2.000000
1.200000,0.750000,135,0.400000,0.500000,0.444444,0.622917,1.000000,0.130956,8.000000
1.200000,0.750000,136,0.100000,0.333333,0.153846,0.402778,1.000000,0.929891,3.000000
1.200000,0.750000,137,0.200000,0.500000,0.285714,0.194345,0.333333,0.213953,4.000000
1.200000,0.750000,138,0.100000,0.500000,0.166667,0.128571,0.200000,0.237198,2.000000
1.200000,0.750000,139,0.000000,0.000000,0.000000,0.008989,0.010309,0.000000,4.000000
1.200000,0.750000,140,0.200000,0.333333,0.250000,0.171085,0.500000,0.466779,6.000000
1.200000,0.750000,141,0.200000,0.333333,0.250000,0.138613,0.200000,0.224042,6.000000
1.200000,0.750000,142,0.000000,0.000000,0.000000,0.083333,0.083333,0.000000,1.000000
1.200000,0.750000,143,0.200000,1.000000,0.333333,0.666667,1.000000,0.831555,2.000000
1.200000,0.750000,144,0.400000,0.666667,0.500000,0.378932,0.333333,0.447888,6.000000
1.200000,0.750000,145,0.400000,0.571429,0.470588,0.256052,0.333333,0.439605,7.000000
1.200000,0.750000,146,0.200000,1.000000,0.333333,0.583333,0.500000,0.556024,2.000000
1.200000,0.750000,147,0.400000,0.400000,0.400000,0.270217,0.500000,0.430990,10.000000
1.200000,0.750000,148,0.200000,0.333333,0.250000,0.210468,0.500000,0.403046,6.000000
1.200000,0.750000,149,0.400000,0.363636,0.380952,0.380580,1.000000,0.465823,11.000000
1.200000,0.750000,150,0.200000,1.000000,0.333333,0.833333,1.000000,0.919721,2.000000
1.200000,0.750000,151,0.000000,0.000000,0.000000,0.029639,0.038462,0.000000,5.000000
1.200000,0.750000,152,0.000000,0.000000,0.000000,0.022119,0.047619,0.000000,6.000000
1.200000,0.750000,153,0.300000,0.428571,0.352941,0.333500,0.500000,0.292380,7.000000
1.200000,0.750000,154,0.200000,1.000000,0.333333,0.750000,1.000000,0.676361,2.000000
1.200000,0.750000,155,0.200000,0.333333,0.250000,0.172765,0.500000,0.093829,6.000000
1.200000,0.750000,156,0.700000,0.500000,0.583333,0.498233,1.000000,0.333226,14.000000
1.200000,0.750000,157,0.400000,0.102564,0.163265,0.331402,1.000000,0.402940,39.000000
1.200000,0.750000,158,0.300000,0.375000,0.333333,0.392334,1.000000,0.759835,8.000000
1.200000,0.750000,159,0.200000,0.250000,0.222222,0.073960,0.125000,0.118096,8.000000
1.200000,0.750000,160,0.100000,0.200000,0.133333,0.119716,0.500000,0.262511,5.000000
1.200000,0.750000,161,0.300000,0.500000,0.375000,0.531132,1.000000,0.797006,6.000000
1.200000,0.750000,162,0.200000,0.250000,0.222222,0.223919,0.500000,0.122379,8.000000
1.200000,0.750000,163,0.200000,0.666667,0.307692,0.242630,0.333333,0.401800,3.000000
1.200000,0.750000,164,0.400000,0.500000,0.444444,0.447632,1.000000,0.657976,8.000000
1.200000,0.750000,165,0.200000,1.000000,0.333333,0.583333,0.500000,0.693426,2.000000
1.200000,0.750000,166,0.100000,0.125000,0.111111,0.040064,0.111111,0.076143,8.000000
1.200000,0.750000,167,0.200000,1.000000,0.333333,0.750000,1.000000,0.932444,2.000000
1.200000,0.750000,168,0.100000,0.500000,0.166667,0.100840,0.142857,0.204382,2.000000
1.200000,0.750000,169,0.200000,0.500000,0.285714,0.291532,0.500000,0.414430,4.000000
1.200000,0.750000,170,0.400000,0.666667,0.500000,0.622828,1.000000,0.771291,6.000000
1.200000,0.750000,171,0.300000,1.000000,0.461538,0.638889,0.500000,0.657913,3.000000
1.200000,0.750000,172,0.400000,1.000000,0.571429,0.679167,0.500000,0.681856,4.000000
1.200000,0.750000,173,0.200000,1.000000,0.333333,1.000000,1.000000,1.000000,2.000000
1.200000,0.750000,174,0.100000,0.200000,0.133333,0.069189,0.166667,0.151082,5.000000
1.200000,0.750000,175,0.100000,0.200000,0.133333,0.054853,0.100000,0.116497,5.000000
1.200000,0.750000,176,0.100000,0.142857,0.117647,0.077150,0.142857,0.121991,7.000000
1.200000,0.750000,177,0.400000,0.800000,0.533333,0.672222,1.000000,0.868480,5.000000
1.200000,0.750000,178,0.200000,0.500000,0.285714,0.467262,1.000000,0.901543,4.000000
1.200000,0.750000,179,0.200000,0.500000,0.285714,0.339052,0.500000,0.441492,4.000000
1.200000,0.750000,180,0.300000,0.428571,0.352941,0.454569,0.500000,0.357459,7.000000
1.200000,0.750000,181,0.100000,0.200000,0.133333,0.259968,1.000000,0.172721,5.000000
1.200000,0.750000,182,0.200000,1.000000,0.333333,0.583333,0.500000,0.649031,2.000000
1.200000,0.750000,183,0.600000,0.461538,0.521739,0.613855,1.000000,0.576212,13.000000
1.200000,0.750000,184,0.300000,0.428571,0.352941,0.328068,1.000000,0.417643,7.000000
1.200000,0.750000,185,0.600000,0.666667,0.631579,0.824710,1.000000,0.819510,9.000000
1.200000,0.750000,186,0.400000,0.250000,0.307692,0.159857,0.333333,0.328062,16.000000
1.200000,0.750000,187,0.200000,0.333333,0.250000,0.194823,0.500000,0.247745,6.000000
1.200000,0.750000,188,0.500000,0.454545,0.476190,0.392900,1.000000,0.569342,11.000000
1.200000,0.750000,189,0.200000,0.222222,0.210526,0.125607,0.250000,0.110806,9.000000
1.200000,0.750000,190,0.200000,0.400000,0.266667,0.382814,1.000000,0.289408,5.000000
1.200000,0.750000,191,0.200000,0.153846,0.173913,0.363148,0.200000,0.057943,13.000000
1.200000,0.750000,192,0.300000,0.750000,0.428571,0.510417,0.500000,0.609620,4.000000
1.200000,0.750000,193,0.800000,0.888889,0.842105,0.831723,1.000000,0.852844,9.000000
1.200000,0.750000,194,0.100000,0.166667,0.125000,0.189754,0.250000,0.066435,6.000000
1.200000,0.750000,195,0.100000,0.333333,0.153846,0.103177,0.200000,0.181542,3.000000
1.200000,0.750000,196,0.300000,0.250000,0.272727,0.135249,0.500000,0.255401,12.000000
1.200000,0.750000,197,0.200000,0.666667,0.307692,0.614379,1.000000,0.625434,3.000000
1.200000,0.750000,198,0.300000,0.750000,0.428571,0.472222,1.000000,0.676257,4.000000
1.200000,0.750000,199,0.200000,0.250000,0.222222,0.108948,0.200000,0.116189,8.000000
1.200000,0.750000,200,0.200000,0.666667,0.307692,0.230409,0.333333,0.370291,3.000000
1.200000,0.750000,201,0.400000,0.250000,0.307692,0.331264,1.000000,0.601408,16.000000
1.200000,0.750000,202,0.300000,0.214286,0.250000,0.204144,0.500000,0.187876,14.000000
1.200000,0.750000,203,0.200000,0.142857,0.166667,0.140783,0.500000,0.269453,14.000000
1.200000,0.750000,204,0.000000,0.000000,0.000000,0.044248,0.062500,0.000000,14.000000
1.200000,0.750000,205,0.200000,1.000000,0.333333,0.700000,1.000000,0.850345,2.000000
1.200000,0.750000,206,0.200000,0.666667,0.307692,0.264093,0.500000,0.522575,3.000000
1.200000,0.750000,207,0.200000,0.400000,0.266667,0.197589,0.500000,0.364471,5.000000
1.200000,0.750000,208,0.600000,1.000000,0.750000,0.682937,0.500000,0.756145,6.000000
1.200000,0.750000,209,0.200000,0.166667,0.181818,0.141371,0.333333,0.098185,12.000000
1.200000,0.750000,210,0.200000,0.333333,0.250000,0.342266,1.000000,0.492365,6.000000
1.200000,0.750000,211,0.100000,0.090909,0.095238,0.136094,0.111111,0.124215,11.000000
1.200000,0.750000,212,0.600000,0.428571,0.500000,0.497536,1.000000,0.600365,14.000000
1.200000,0.750000,213,0.500000,0.454545,0.476190,0.581716,1.000000,0.551647,11.000000
1.200000,0.750000,214,0.100000,0.250000,0.142857,0.157475,0.500000,0.246302,4.000000
1.200000,0.750000,215,0.000000,0.000000,0.000000,0.048199,0.062500,0.000000,2.000000
1.200000,0.750000,216,0.000000,0.000000,0.000000,0.002604,0.002604,0.000000,1.000000
1.200000,0.750000,217,0.400000,0.266667,0.320000,0.304292,1.000000,0.401180,15.000000
1.200000,0.750000,218,0.300000,0.200000,0.240000,0.328299,1.000000,0.343452,15.000000
1.200000,0.750000,219,0.000000,0.000000,0.000000,0.037425,0.025641,0.000000,18.000000
1.200000,0.750000,220,0.300000,0.157895,0.206897,0.203047,1.000000,0.183698,19.000000
1.200000,0.750000,221,0.300000,0.166667,0.214286,0.237413,1.000000,0.273235,18.000000
1.200000,0.750000,222,0.600000,0.666667,0.631579,0.778951,1.000000,0.765397,9.000000
1.200000,0.750000,223,0.300000,0.750000,0.428571,0.461275,0.500000,0.592512,4.000000
1.200000,0.750000,224,0.100000,0.125000,0.111111,0.134549,0.166667,0.095162,8.000000
1.200000,0.750000,225,0.300000,0.125000,0.176471,0.087623,0.500000,0.131936,24.000000
1.200000,1.000000,1,0.300000,0.107143,0.157895,0.226764,1.000000,0.255759,28.000000
1.200000,1.000000,2,0.500000,0.208333,0.294118,0.224691,1.000000,0.693627,24.000000
1.200000,1.000000,3,0.700000,0.875000,0.777778,0.667346,0.500000,0.743406,8.000000
1.200000,1.000000,4,0.100000,0.500000,0.166667,0.278571,0.500000,0.386853,2.000000
1.200000,1.000000,5,0.300000,0.750000,0.428571,0.327201,0.333333,0.463968,4.000000
1.200000,1.000000,6,0.100000,0.250000,0.142857,0.166904,0.500000,0.161987,4.000000
1.200000,1.000000,7,0.200000,0.400000,0.266667,0.159608,0.250000,0.203169,5.000000
1.200000,1.000000,8,0.100000,0.090909,0.095238,0.119628,0.500000,0.193094,11.000000
1.200000,1.000000,9,0.300000,1.000000,0.461538,0.916667,1.000000,0.967468,3.000000
1.200000,1.000000,10,0.300000,0.375000,0.333333,0.268937,1.000000,0.350294,8.000000
1.200000,1.000000,11,0.200000,0.285714,0.235294,0.178261,0.333333,0.179042,7.000000
1.200000,1.000000,12,0.200000,0.400000,0.266667,0.393354,1.000000,0.405647,5.000000
1.200000,1.000000,13,0.000000,0.000000,0.000000,0.007837,0.004808,0.000000,4.000000
1.200000,1.000000,14,0.200000,1.000000,0.333333,0.666667,1.000000,0.982424,2.000000
1.200000,1.000000,15,0.200000,1.000000,0.333333,1.000000,1.000000,0.737826,2.000000
1.200000,1.000000,16,0.100000,0.333333,0.153846,0.200158,0.500000,0.182125,3.000000
1.200000,1.000000,17,0.100000,0.500000,0.166667,0.107092,0.200000,0.304513,2.000000
1.200000,1.000000,18,0.100000,0.333333,0.153846,0.355216,1.000000,0.469279,3.000000
1.200000,1.000000,19,0.100000,0.111111,0.105263,0.046751,0.250000,0.150329,9.000000
1.200000,1.000000,20,0.600000,0.666667,0.631579,0.583677,0.500000,0.596676,9.000000
1.200000,1.000000,21,0.000000,0.000000,0.000000,0.062285,0.066667,0.000000,4.000000
1.200000,1.000000,22,0.000000,0.000000,0.000000,0.001647,0.001647,0.000000,1.000000
1.200000,1.000000,23,0.400000,0.125000,0.190476,0.223658,0.500000,0.314905,32.000000
1.200000,1.000000,24,0.200000,0.666667,0.307692,0.303419,0.500000,0.534971,3.000000
1.200000,1.000000,25,0.600000,0.666667,0.631579,0.697012,1.000000,0.686879,9.000000
1.200000,1.000000,26,0.200000,0.333333,0.250000,0.179011,0.333333,0.385852,6.000000
1.200000,1.000000,27,0.200000,0.666667,0.307692,0.142526,0.142857,0.311410,3.000000
1.200000,1.000000,28,0.000000,0.000000,0.000000,0.005313,0.004673,0.000000,2.000000
1.200000,1.000000,29,0.400000,0.444444,0.421053,0.481607,1.000000,0.526984,9.000000
1.200000,1.000000,30,0.100000,0.142857,0.117647,0.065697,0.142857,0.124305,7.000000
1.200000,1.000000,31,0.000000,0.000000,0.000000,0.000946,0.000946,0.000000,1.000000
1.200000,1.000000,32,0.200000,0.333333,0.250000,0.158882,0.500000,0.081895,6.000000
1.200000,1.000000,33,0.300000,1.000000,0.461538,0.638889,0.500000,0.634729,3.000000
1.200000,1.000000,34,0.100000,0.166667,0.125000,0.235431,0.250000,0.058959,6.000000
1.200000,1.000000,35,0.000000,0.000000,0.000000,0.024021,0.030303,0.000000,3.000000
1.200000,1.000000,36,0.100000,0.500000,0.166667,0.502604,1.000000,0.337352,2.000000
1.200000,1.000000,37,0.200000,0.222222,0.210526,0.092269,0.111111,0.091785,9.000000
1.200000,1.000000,38,0.000000,0.000000,0.000000,0.048164,0.062500,0.000000,10.000000
1.200000,1.000000,39,0.200000,0.153846,0.173913,0.147162,0.500000,0.202593,13.000000
1.200000,1.000000,40,0.200000,0.166667,0.181818,0.094041,0.333333,0.086805,12.000000
1.200000,1.000000,41,0.300000,1.000000,0.461538,0.791667,1.000000,0.863558,3.000000
1.200000,1.000000,42,0.300000,0.600000,0.400000,0.182061,0.166667,0.367790,5.000000
1.200000,1.000000,43,0.400000,0.666667,0.500000,0.560670,1.000000,0.855470,6.000000
1.200000,1.000000,44,0.000000,0.000000,0.000000,0.002488,0.001355,0.000000,3.000000
1.200000,1.000000,45,0.200000,0.166667,0.181818,0.160492,0.500000,0.323687,12.000000
1.200000,1.000000,46,0.500000,0.333333,0.400000,0.359001,1.000000,0.590163,15.000000
1.200000,1.000000,47,0.600000,0.428571,0.500000,0.368140,0.250000,0.380494,14.000000
1.200000,1.000000,48,0.300000,0.272727,0.285714,0.190289,0.500000,0.400457,11.000000
1.200000,1.000000,49,0.100000,0.500000,0.166667,0.175000,0.250000,0.355840,2.000000
1.200000,1.000000,50,0.100000,0.166667,0.125000,0.186290,1.000000,0.534749,6.000000
1.200000,1.000000,51,0.600000,0.600000,0.600000,0.542965,1.000000,0.431113,10.000000
1.200000,1.000000,52,0.400000,1.000000,0.571429,0.552778,0.500000,0.582915,4.000000
1.200000,1.000000,53,0.200000,0.200000,0.200000,0.270172,1.000000,0.173752,10.000000
1.200000,1.000000,54,0.100000,0.111111,0.105263,0.132096,0.500000,0.284377,9.000000
1.200000,1.000000,55,0.400000,0.400000,0.400000,0.365627,1.000000,0.303110,10.000000
1.200000,1.000000,56,0.200000,0.200000,0.200000,0.137438,0.333333,0.129676,10.000000
1.200000,1.000000,57,0.100000,0.071429,0.083333,0.078526,0.333333,0.256096,14.000000
1.200000,1.000000,58,0.100000,0.111111,0.105263,0.147469,0.100000,0.151256,9.000000
1.200000,1.000000,59,0.200000,0.500000,0.285714,0.331007,1.000000,0.337737,4.000000
1.200000,1.000000,60,0.300000,0.600000,0.400000,0.475720,1.000000,0.409554,5.000000
1.200000,1.000000,61,0.300000,0.600000,0.400000,0.474125,1.000000,0.504762,5.000000
1.200000,1.000000,62,0.000000,0.000000,0.000000,0.034015,0.090909,0.000000,5.000000
1.200000,1.000000,63,0.000000,0.000000,0.000000,0.046796,0.045455,0.000000,3.000000
1.200000,1.000000,64,0.100000,0.500000,0.166667,0.532258,1.000000,0.772538,2.000000
1.200000,1.000000,65,0.500000,0.333333,0.400000,0.242983,0.500000,0.390388,15.000000
1.200000,1.000000,66,0.200000,0.400000,0.266667,0.141490,0.333333,0.359387,5.000000
1.200000,1.000000,67,0.700000,0.500000,0.583333,0.545380,1.000000,0.744198,14.000000
1.200000,1.000000,68,0.100000,0.200000,0.133333,0.054876,0.166667,0.194113,5.000000
1.200000,1.000000,69,0.000000,0.000000,0.000000,0.034794,0.052632,0.000000,5.000000
1.200000,1.000000,70,0.100000,0.100000,0.100000,0.073755,0.142857,0.074550,10.000000
1.200000,1.000000,71,0.000000,0.000000,0.000000,0.040879,0.083333,0.000000,8.000000
1.200000,1.000000,72,0.300000,0.176471,0.222222,0.118739,0.500000,0.272673,17.000000
1.200000,1.000000,73,0.600000,0.300000,0.400000,0.343853,1.000000,0.613618,20.000000
1.200000,1.000000,74,0.000000,0.000000,0.000000,0.117874,0.076923,0.000000,6.000000
1.200000,1.000000,75,0.000000,0.000000,0.000000,0.032345,0.076923,0.000000,5.000000
1.200000,1.000000,76,0.200000,0.285714,0.235294,0.200835,0.500000,0.309260,7.000000
1.200000,1.000000,77,0.300000,0.500000,0.375000,0.297157,0.500000,0.306966,6.000000
1.200000,1.000000,78,0.300000,1.000000,0.461538,0.555556,0.500000,0.621721,3.000000
1.200000,1.000000,79,0.000000,0.000000,0.000000,0.059582,0.076923,0.000000,5.000000
1.200000,1.000000,80,0.000000,0.000000,0.000000,0.019317,0.031250,0.000000,4.000000
1.200000,1.000000,81,0.200000,1.000000,0.333333,0.500000,0.500000,0.633016,2.000000
1.200000,1.000000,82,0.300000,0.600000,0.400000,0.374897,1.000000,0.523010,5.000000
1.200000,1.000000,83,0.100000,0.250000,0.142857,0.096246,0.250000,0.168128,4.000000
1.200000,1.000000,84,0.400000,0.363636,0.380952,0.394806,1.000000,0.265309,11.000000
1.200000,1.000000,85,0.100000,0.250000,0.142857,0.262168,1.000000,0.135083,4.000000
1.200000,1.000000,86,0.200000,1.000000,0.333333,0.583333,0.500000,0.693426,2.000000
1.200000,1.000000,87,0.000000,0.000000,0.000000,0.011587,0.013514,0.000000,8.000000
1.200000,1.000000,88,0.600000,1.000000,0.750000,0.649603,0.500000,0.659825,6.000000
1.200000,1.000000,89,0.100000,0.166667,0.125000,0.172776,0.250000,0.213959,6.000000
1.200000,1.000000,90,0.200000,0.153846,0.173913,0.214344,0.500000,0.066060,13.000000
1.200000,1.000000,91,0.400000,0.444444,0.421053,0.328778,1.000000,0.537351,9.000000
1.200000,1.000000,92,0.600000,0.461538,0.521739,0.521802,1.000000,0.239589,13.000000
1.200000,1.000000,93,0.100000,1.000000,0.181818,0.500000,0.500000,0.630930,1.000000
1.200000,1.000000,94,0.600000,0.500000,0.545455,0.541188,1.000000,0.320585,12.000000
1.200000,1.000000,95,0.200000,1.000000,0.333333,0.309524,0.333333,0.351866,2.000000
1.200000,1.000000,96,0.600000,0.461538,0.521739,0.403182,0.500000,0.371197,13.000000
1.200000,1.000000,97,0.300000,0.300000,0.300000,0.196170,0.500000,0.253658,10.000000
1.200000,1.000000,98,0.000000,0.000000,0.000000,0.025941,0.041667,0.000000,5.000000
1.200000,1.000000,99,0.200000,0.500000,0.285714,0.246668,0.333333,0.436918,4.000000
1.200000,1.000000,100,0.300000,0.333333,0.315789,0.221339,0.500000,0.381736,9.000000
1.200000,1.000000,101,0.500000,0.833333,0.625000,0.758756,1.000000,0.839840,6.000000
1.200000,1.000000,102,0.200000,0.500000,0.285714,0.425611,1.000000,0.443157,4.000000
1.200000,1.000000,103,0.000000,0.000000,0.000000,0.026019,0.050000,0.000000,2.000000
1.200000,1.000000,104,0.100000,0.200000,0.133333,0.141689,0.250000,0.146068,5.000000
1.200000,1.000000,105,0.300000,0.600000,0.400000,0.537800,1.000000,0.794323,5.000000
1.200000,1.000000,106,0.300000,0.600000,0.400000,0.396061,1.000000,0.736758,5.000000
1.200000,1.000000,107,0.300000,0.428571,0.352941,0.331783,0.500000,0.336816,7.000000
1.200000,1.000000,108,0.600000,0.857143,0.705882,0.768707,1.000000,0.751832,7.000000
1.200000,1.000000,109,0.000000,0.000000,0.000000,0.039427,0.024390,0.000000,5.000000
1.200000,1.000000,110,0.100000,0.250000,0.142857,0.281462,1.000000,0.568298,4.000000
1.200000,1.000000,111,0.200000,0.285714,0.235294,0.260288,0.333333,0.125858,7.000000
1.200000,1.000000,112,0.100000,0.500000,0.166667,0.300000,0.500000,0.173765,2.000000
1.200000,1.000000,113,0.200000,0.500000,0.285714,0.360637,1.000000,0.529436,4.000000
1.200000,1.000000,114,0.100000,0.250000,0.142857,0.067774,0.200000,0.261287,4.000000
1.200000,1.000000,115,0.100000,0.250000,0.142857,0.037305,0.125000,0.165447,4.000000
1.200000,1.000000,116,0.100000,0.200000,0.133333,0.059718,0.250000,0.064371,5.000000
1.200000,1.000000,117,0.000000,0.000000,0.000000,0.037650,0.034483,0.000000,2.000000
1.200000,1.000000,118,0.200000,0.666667,0.307692,0.190199,0.250000,0.386300,3.000000
1.200000,1.000000,119,0.100000,1.000000,0.181818,1.000000,1.000000,1.000000,1.000000
1.200000,1.000000,120,0.400000,0.444444,0.421053,0.447518,0.500000,0.516360,9.000000
1.200000,1.000000,121,0.400000,0.571429,0.470588,0.574230,1.000000,0.506774,7.000000
1.200000,1.000000,122,0.400000,0.444444,0.421053,0.296567,0.333333,0.186624,9.000000
1.200000,1.000000,123,0.000000,0.000000,0.000000,0.084967,0.058824,0.000000,2.000000
1.200000,1.000000,124,0.000000,0.000000,0.000000,0.004481,0.007092,0.000000,4.000000
1.200000,1.000000,125,0.300000,0.176471,0.222222,0.280796,1.000000,0.424079,17.000000
1.200000,1.000000,126,0.200000,0.250000,0.222222,0.222352,1.000000,0.571145,8.000000
1.200000,1.000000,127,0.100000,0.200000,0.133333,0.095195,0.250000,0.094075,5.000000
1.200000,1.000000,128,0.000000,0.000000,0.000000,0.015885,0.024390,0.000000,2.000000
1.200000,1.000000,129,0.400000,0.571429,0.470588,0.382519,0.500000,0.537721,7.000000
1.200000,1.000000,130,0.400000,0.800000,0.533333,0.483906,1.000000,0.601227,5.000000
1.200000,1.000000,131,0.400000,0.500000,0.444444,0.332986,0.166667,0.173089,8.000000
1.200000,1.000000,132,0.700000,0.466667,0.560000,0.642198,0.500000,0.441113,15.000000
1.200000,1.000000,133,0.200000,0.285714,0.235294,0.246630,0.142857,0.281085,7.000000
1.200000,1.000000,134,0.100000,0.500000,0.166667,0.186667,0.333333,0.168676,2.000000
1.200000,1.000000,135,0.400000,0.500000,0.444444,0.665287,1.000000,0.136378,8.000000
1.200000,1.000000,136,0.100000,0.333333,0.153846,0.403799,1.000000,0.929891,3.000000
1.200000,1.000000,137,0.200000,0.500000,0.285714,0.206151,0.250000,0.209895,4.000000
1.200000,1.000000,138,0.100000,0.500000,0.166667,0.102679,0.142857,0.204382,2.000000
1.200000,1.000000,139,0.000000,0.000000,0.000000,0.009547,0.009009,0.000000,4.000000
1.200000,1.000000,140,0.200000,0.333333,0.250000,0.174333,0.500000,0.466779,6.000000
1.200000,1.000000,141,0.200000,0.333333,0.250000,0.143521,0.200000,0.224042,6.000000
1.200000,1.000000,142,0.100000,1.000000,0.181818,0.100000,0.100000,0.289065,1.000000
1.200000,1.000000,143,0.200000,1.000000,0.333333,0.666667,1.000000,0.831555,2.000000
1.200000,1.000000,144,0.500000,0.833333,0.625000,0.384834,0.250000,0.497634,6.000000
1.200000,1.000000,145,0.400000,0.571429,0.470588,0.299117,0.333333,0.449719,7.000000
1.200000,1.000000,146,0.200000,1.000000,0.333333,0.833333,1.000000,0.621567,2.000000
1.200000,1.000000,147,0.300000,0.300000,0.300000,0.228827,0.500000,0.324965,10.000000
1.200000,1.000000,148,0.200000,0.333333,0.250000,0.294574,1.000000,0.543166,6.000000
1.200000,1.000000,149,0.400000,0.363636,0.380952,0.388128,1.000000,0.469756,11.000000
1.200000,1.000000,150,0.200000,1.000000,0.333333,0.833333,1.000000,0.919721,2.000000
1.200000,1.000000,151,0.000000,0.000000,0.000000,0.028582,0.037037,0.000000,5.000000
1.200000,1.000000,152,0.000000,0.000000,0.000000,0.028171,0.083333,0.000000,6.000000
1.200000,1.000000,153,0.300000,0.428571,0.352941,0.343785,0.500000,0.322269,7.000000
1.200000,1.000000,154,0.200000,1.000000,0.333333,0.666667,1.000000,0.617742,2.000000
1.200000,1.000000,155,0.300000,0.500000,0.375000,0.273151,1.000000,0.229314,6.000000
1.200000,1.000000,156,0.600000,0.428571,0.500000,0.478706,1.000000,0.303253,14.000000
1.200000,1.000000,157,0.500000,0.128205,0.204082,0.350862,0.500000,0.357800,39.000000
1.200000,1.000000,158,0.300000,0.375000,0.333333,0.385503,1.000000,0.776753,8.000000
1.200000,1.000000,159,0.200000,0.250000,0.222222,0.087375,0.166667,0.132726,8.000000
1.200000,1.000000,160,0.100000,0.200000,0.133333,0.119778,0.500000,0.262511,5.000000
1.200000,1.000000,161,0.300000,0.500000,0.375000,0.533748,1.000000,0.797006,6.000000
1.200000,1.000000,162,0.200000,0.250000,0.222222,0.216480,0.500000,0.118856,8.000000
1.200000,1.000000,163,0.200000,0.666667,0.307692,0.264853,0.333333,0.416181,3.000000
1.200000,1.000000,164,0.300000,0.375000,0.333333,0.414893,1.000000,0.595963,8.000000
1.200000,1.000000,165,0.200000,1.000000,0.333333,0.583333,0.500000,0.693426,2.000000
1.200000,1.000000,166,0.000000,0.000000,0.000000,0.037623,0.090909,0.000000,8.000000
1.200000,1.000000,167,0.200000,1.000000,0.333333,0.500000,0.500000,0.641929,2.000000
1.200000,1.000000,168,0.100000,0.500000,0.166667,0.128788,0.166667,0.218407,2.000000
1.200000,1.000000,169,0.200000,0.500000,0.285714,0.276706,0.500000,0.397322,4.000000
1.200000,1.000000,170,0.400000,0.666667,0.500000,0.578020,1.000000,0.747396,6.000000
1.200000,1.000000,171,0.300000,1.000000,0.461538,0.638889,0.500000,0.657913,3.000000
1.200000,1.000000,172,0.400000,1.000000,0.571429,0.804167,1.000000,0.884969,4.000000
1.200000,1.000000,173,0.200000,1.000000,0.333333,1.000000,1.000000,1.000000,2.000000
1.200000,1.000000,174,0.100000,0.200000,0.133333,0.091185,0.250000,0.182668,5.000000
1.200000,1.000000,175,0.100000,0.200000,0.133333,0.059654,0.125000,0.127137,5.000000
1.200000,1.000000,176,0.100000,0.142857,0.117647,0.085010,0.166667,0.130362,7.000000
1.200000,1.000000,177,0.400000,0.800000,0.533333,0.690909,1.000000,0.871447,5.000000
1.200000,1.000000,178,0.200000,0.500000,0.285714,0.483824,1.000000,0.914078,4.000000
1.200000,1.000000,179,0.200000,0.500000,0.285714,0.334777,0.500000,0.441492,4.000000
1.200000,1.000000,180,0.400000,0.571429,0.470588,0.470378,0.500000,0.347516,7.000000
1.200000,1.000000,181,0.200000,0.400000,0.266667,0.269319,1.000000,0.294040,5.000000
1.200000,1.000000,182,0.200000,1.000000,0.333333,0.583333,0.500000,0.649031,2.000000
1.200000,1.000000,183,0.600000,0.461538,0.521739,0.634735,1.000000,0.582704,13.000000
1.200000,1.000000,184,0.300000,0.428571,0.352941,0.341019,1.000000,0.498369,7.000000
1.200000,1.000000,185,0.600000,0.666667,0.631579,0.808796,1.000000,0.789316,9.000000
1.200000,1.000000,186,0.400000,0.250000,0.307692,0.173117,0.500000,0.363624,16.000000
1.200000,1.000000,187,0.200000,0.333333,0.250000,0.156263,0.333333,0.199241,6.000000
1.200000,1.000000,188,0.500000,0.454545,0.476190,0.443372,1.000000,0.616479,11.000000
1.200000,1.000000,189,0.200000,0.222222,0.210526,0.121904,0.250000,0.110806,9.000000
1.200000,1.000000,190,0.200000,0.400000,0.266667,0.442232,1.000000,0.345207,5.000000
1.200000,1.000000,191,0.200000,0.153846,0.173913,0.356306,0.200000,0.057943,13.000000
1.200000,1.000000,192,0.300000,0.750000,0.428571,0.514881,0.500000,0.609620,4.000000
1.200000,1.000000,193,0.700000,0.777778,0.736842,0.819478,1.000000,0.774595,9.000000
1.200000,1.000000,194,0.100000,0.166667,0.125000,0.188394,0.333333,0.077129,6.000000
1.200000,1.000000,195,0.100000,0.333333,0.153846,0.098889,0.166667,0.167160,3.000000
1.200000,1.000000,196,0.300000,0.250000,0.272727,0.148757,0.500000,0.263839,12.000000
1.200000,1.000000,197,0.200000,0.666667,0.307692,0.622222,1.000000,0.625434,3.000000
1.200000,1.000000,198,0.300000,0.750000,0.428571,0.586842,1.000000,0.760068,4.000000
1.200000,1.000000,199,0.100000,0.125000,0.111111,0.114999,0.250000,0.074033,8.000000
1.200000,1.000000,200,0.100000,0.333333,0.153846,0.233822,0.333333,0.234639,3.000000
1.200000,1.000000,201,0.400000,0.250000,0.307692,0.299397,1.000000,0.569827,16.000000
1.200000,1.000000,202,0.300000,0.214286,0.250000,0.191622,0.500000,0.164252,14.000000
1.200000,1.000000,203,0.200000,0.142857,0.166667,0.126282,0.500000,0.240211,14.000000
1.200000,1.000000,204,0.000000,0.000000,0.000000,0.046772,0.090909,0.000000,14.000000
1.200000,1.000000,205,0.200000,1.000000,0.333333,0.642857,1.000000,0.817530,2.000000
1.200000,1.000000,206,0.200000,0.666667,0.307692,0.180071,0.333333,0.427627,3.000000
1.200000,1.000000,207,0.200000,0.400000,0.266667,0.177185,0.333333,0.301677,5.000000
1.200000,1.000000,208,0.600000,1.000000,0.750000,0.691667,0.500000,0.770140,6.000000
1.200000,1.000000,209,0.200000,0.166667,0.181818,0.138542,0.333333,0.097532,12.000000
1.200000,1.000000,210,0.200000,0.333333,0.250000,0.340002,1.000000,0.492365,6.000000
1.200000,1.000000,211,0.100000,0.090909,0.095238,0.139707,0.100000,0.017040,11.000000
1.200000,1.000000,212,0.600000,0.428571,0.500000,0.498388,1.000000,0.601985,14.000000
1.200000,1.000000,213,0.500000,0.454545,0.476190,0.542138,1.000000,0.540999,11.000000
1.200000,1.000000,214,0.100000,0.250000,0.142857,0.161479,0.500000,0.246302,4.000000
1.200000,1.000000,215,0.000000,0.000000,0.000000,0.051843,0.071429,0.000000,2.000000
1.200000,1.000000,216,0.000000,0.000000,0.000000,0.002451,0.002451,0.000000,1.000000
1.200000,1.000000,217,0.300000,0.200000,0.240000,0.329129,1.000000,0.418158,15.000000
1.200000,1.000000,218,0.200000,0.133333,0.160000,0.259394,1.000000,0.224551,15.000000
1.200000,1.000000,219,0.000000,0.000000,0.000000,0.036386,0.021739,0.000000,18.000000
1.200000,1.000000,220,0.300000,0.157895,0.206897,0.196054,1.000000,0.182177,19.000000
1.200000,1.000000,221,0.400000,0.222222,0.285714,0.223551,1.000000,0.282133,18.000000
1.200000,1.000000,222,0.600000,0.666667,0.631579,0.733199,1.000000,0.748049,9.000000
1.200000,1.000000,223,0.300000,0.750000,0.428571,0.432540,0.500000,0.580549,4.000000
1.200000,1.000000,224,0.100000,0.125000,0.111111,0.128410,0.166667,0.095162,8.000000
1.200000,1.000000,225,0.300000,0.125000,0.176471,0.090268,0.500000,0.136949,24.000000
2.000000,0.000000,1,0.400000,0.142857,0.210526,0.183911,1.000000,0.260207,28.000000
2.000000,0.000000,2,0.400000,0.166667,0.235294,0.243766,1.000000,0.572181,24.000000
2.000000,0.000000,3,0.500000,0.625000,0.555556,0.658920,1.000000,0.705246,8.000000
2.000000,0.000000,4,0.100000,0.500000,0.166667,0.277778,0.500000,0.386853,2.000000
2.000000,0.000000,5,0.300000,0.750000,0.428571,0.487048,1.000000,0.519002,4.000000
2.000000,0.000000,6,0.100000,0.250000,0.142857,0.147115,0.333333,0.128372,4.000000
2.000000,0.000000,7,0.200000,0.400000,0.266667,0.127979,0.200000,0.184662,5.000000
2.000000,0.000000,8,0.100000,0.090909,0.095238,0.150858,1.000000,0.306046,11.000000
2.000000,0.000000,9,0.300000,1.000000,0.461538,0.442857,0.500000,0.634050,3.000000
2.000000,0.000000,10,0.100000,0.125000,0.111111,0.106319,0.500000,0.102958,8.000000
2.000000,0.000000,11,0.100000,0.142857,0.117647,0.145719,0.142857,0.114139,7.000000
2.000000,0.000000,12,0.200000,0.400000,0.266667,0.242266,0.500000,0.199020,5.000000
2.000000,0.000000,13,0.000000,0.000000,0.000000,0.007837,0.004808,0.000000,4.000000
2.000000,0.000000,14,0.100000,0.500000,0.166667,0.543478,1.000000,0.959636,2.000000
2.000000,0.000000,15,0.200000,1.000000,0.333333,0.700000,1.000000,0.521098,2.000000
2.000000,0.000000,16,0.100000,0.333333,0.153846,0.107722,0.200000,0.111670,3.000000
2.000000,0.000000,17,0.000000,0.000000,0.000000,0.027730,0.041667,0.000000,2.000000
2.000000,0.000000,18,0.100000,0.333333,0.153846,0.350418,1.000000,0.469279,3.000000
2.000000,0.000000,19,0.100000,0.111111,0.105263,0.054419,0.333333,0.174527,9.000000
2.000000,0.000000,20,0.500000,0.555556,0.526316,0.428138,0.500000,0.521529,9.000000
2.000000,0.000000,21,0.000000,0.000000,0.000000,0.033950,0.040000,0.000000,4.000000
2.000000,0.000000,22,0.000000,0.000000,0.000000,0.001647,0.001647,0.000000,1.000000
2.000000,0.000000,23,0.300000,0.093750,0.142857,0.185702,0.333333,0.209800,32.000000
2.000000,0.000000,24,0.200000,0.666667,0.307692,0.369048,0.500000,0.575329,3.000000
2.000000,0.000000,25,0.600000,0.666667,0.631579,0.705197,1.000000,0.737860,9.000000
2.000000,0.000000,26,0.200000,0.333333,0.250000,0.153926,0.333333,0.367683,6.000000
2.000000,0.000000,27,0.100000,0.333333,0.153846,0.094127,0.166667,0.102823,3.000000
2.000000,0.000000,28,0.000000,0.000000,0.000000,0.003857,0.003096,0.000000,2.000000
2.000000,0.000000,29,0.200000,0.222222,0.210526,0.264796,1.000000,0.157901,9.000000
2.000000,0.000000,30,0.100000,0.142857,0.117647,0.114908,0.500000,0.235283,7.000000
2.000000,0.000000,31,0.000000,0.000000,0.000000,0.000887,0.000887,0.000000,1.000000
2.000000,0.000000,32,0.100000,0.166667,0.125000,0.106931,0.500000,0.050767,6.000000
2.000000,0.000000,33,0.300000,1.000000,0.461538,0.638889,0.500000,0.708996,3.000000
2.000000,0.000000,34,0.300000,0.500000,0.375000,0.389889,0.500000,0.449618,6.000000
2.000000,0.000000,35,0.000000,0.000000,0.000000,0.033825,0.066667,0.000000,3.000000
2.000000,0.000000,36,0.100000,0.500000,0.166667,0.502252,1.000000,0.337352,2.000000
2.000000,0.000000,37,0.000000,0.000000,0.000000,0.074989,0.076923,0.000000,9.000000
2.000000,0.000000,38,0.100000,0.100000,0.100000,0.050453,0.125000,0.035048,10.000000
2.000000,0.000000,39,0.100000,0.076923,0.086957,0.145065,1.000000,0.363812,13.000000
2.000000,0.000000,40,0.200000,0.166667,0.181818,0.142982,0.500000,0.120386,12.000000
2.000000,0.000000,41,0.300000,1.000000,0.461538,0.791667,1.000000,0.863558,3.000000
2.000000,0.000000,42,0.200000,0.400000,0.266667,0.139987,0.200000,0.270697,5.000000
2.000000,0.000000,43,0.300000,0.500000,0.375000,0.381658,1.000000,0.598735,6.000000
2.000000,0.000000,44,0.000000,0.000000,0.000000,0.002488,0.001355,0.000000,3.000000
2.000000,0.000000,45,0.200000,0.166667,0.181818,0.198725,1.000000,0.404902,12.000000
2.000000,0.000000,46,0.600000,0.400000,0.480000,0.451148,1.000000,0.674506,15.000000
2.000000,0.000000,47,0.400000,0.285714,0.333333,0.397153,1.000000,0.471300,14.000000
2.000000,0.000000,48,0.400000,0.363636,0.380952,0.244733,0.500000,0.393808,11.000000
2.000000,0.000000,49,0.000000,0.000000,0.000000,0.020125,0.020833,0.000000,2.000000
2.000000,0.000000,50,0.000000,0.000000,0.000000,0.021203,0.025641,0.000000,6.000000
2.000000,0.000000,51,0.400000,0.400000,0.400000,0.411804,1.000000,0.534668,10.000000
2.000000,0.000000,52,0.200000,0.500000,0.285714,0.254167,0.250000,0.218155,4.000000
2.000000,0.000000,53,0.200000,0.200000,0.200000,0.306846,1.000000,0.370613,10.000000
2.000000,0.000000,54,0.100000,0.111111,0.105263,0.143079,0.200000,0.174365,9.000000
2.000000,0.000000,55,0.300000,0.300000,0.300000,0.201502,0.250000,0.160775,10.000000
2.000000,0.000000,56,0.200000,0.200000,0.200000,0.143081,0.500000,0.139901,10.000000
2.000000,0.000000,57,0.200000,0.142857,0.166667,0.100932,0.200000,0.199036,14.000000
2.000000,0.000000,58,0.100000,0.111111,0.105263,0.096716,0.166667,0.186388,9.000000
2.000000,0.000000,59,0.100000,0.250000,0.142857,0.100710,0.125000,0.080994,4.000000
2.000000,0.000000,60,0.200000,0.400000,0.266667,0.369906,1.000000,0.401416,5.000000
2.000000,0.000000,61,0.300000,0.600000,0.400000,0.501547,1.000000,0.652515,5.000000
2.000000,0.000000,62,0.000000,0.000000,0.000000,0.022863,0.050000,0.000000,5.000000
2.000000,0.000000,63,0.000000,0.000000,0.000000,0.058090,0.058824,0.000000,3.000000
2.000000,0.000000,64,0.100000,0.500000,0.166667,0.526316,1.000000,0.772538,2.000000
2.000000,0.000000,65,0.000000,0.000000,0.000000,0.081968,0.090909,0.000000,15.000000
2.000000,0.000000,66,0.000000,0.000000,0.000000,0.051188,0.052632,0.000000,5.000000
2.000000,0.000000,67,0.100000,0.071429,0.083333,0.133165,0.250000,0.136456,14.000000
2.000000,0.000000,68,0.100000,0.200000,0.133333,0.082216,0.250000,0.234694,5.000000
2.000000,0.000000,69,0.100000,0.200000,0.133333,0.047889,0.100000,0.138636,5.000000
2.000000,0.000000,70,0.100000,0.100000,0.100000,0.106329,0.333333,0.111825,10.000000
2.000000,0.000000,71,0.100000,0.125000,0.111111,0.109675,0.500000,0.245668,8.000000
2.000000,0.000000,72,0.100000,0.058824,0.074074,0.055118,0.142857,0.111248,17.000000
2.000000,0.000000,73,0.700000,0.350000,0.466667,0.378526,1.000000,0.786198,20.000000
2.000000,0.000000,74,0.100000,0.166667,0.125000,0.198108,0.500000,0.313444,6.000000
2.000000,0.000000,75,0.000000,0.000000,0.000000,0.018430,0.023810,0.000000,5.000000
2.000000,0.000000,76,0.200000,0.285714,0.235294,0.154441,0.500000,0.310620,7.000000
2.000000,0.000000,77,0.200000,0.333333,0.250000,0.358188,1.000000,0.201161,6.000000
2.000000,0.000000,78,0.300000,1.000000,0.461538,0.809524,1.000000,0.809841,3.000000
2.000000,0.000000,79,0.000000,0.000000,0.000000,0.033800,0.071429,0.000000,5.000000
2.000000,0.000000,80,0.000000,0.000000,0.000000,0.009774,0.014286,0.000000,4.000000
2.000000,0.000000,81,0.200000,1.000000,0.333333,0.611111,1.000000,0.352855,2.000000
2.000000,0.000000,82,0.200000,0.400000,0.266667,0.157148,0.250000,0.246305,5.000000
2.000000,0.000000,83,0.200000,0.500000,0.285714,0.152242,0.333333,0.312706,4.000000
2.000000,0.000000,84,0.400000,0.363636,0.380952,0.382674,1.000000,0.224514,11.000000
2.000000,0.000000,85,0.100000,0.250000,0.142857,0.136144,0.500000,0.085228,4.000000
2.000000,0.000000,86,0.200000,1.000000,0.333333,0.416667,0.500000,0.605260,2.000000
2.000000,0.000000,87,0.000000,0.000000,0.000000,0.010290,0.013158,0.000000,8.000000
2.000000,0.000000,88,0.600000,1.000000,0.750000,0.594048,0.333333,0.642737,6.000000
2.000000,0.000000,89,0.100000,0.166667,0.125000,0.144091,0.250000,0.091697,6.000000
2.000000,0.000000,90,0.400000,0.307692,0.347826,0.261885,1.000000,0.392722,13.000000
2.000000,0.000000,91,0.300000,0.333333,0.315789,0.375067,1.000000,0.550315,9.000000
2.000000,0.000000,92,0.700000,0.538462,0.608696,0.475553,1.000000,0.274605,13.000000
2.000000,0.000000,93,0.100000,1.000000,0.181818,0.500000,0.500000,0.630930,1.000000
2.000000,0.000000,94,0.400000,0.333333,0.363636,0.544196,1.000000,0.247838,12.000000
2.000000,0.000000,95,0.100000,0.500000,0.166667,0.576923,1.000000,0.063976,2.000000
2.000000,0.000000,96,0.700000,0.538462,0.608696,0.532307,1.000000,0.588122,13.000000
2.000000,0.000000,97,0.300000,0.300000,0.300000,0.207349,0.500000,0.270700,10.000000
2.000000,0.000000,98,0.000000,0.000000,0.000000,0.024620,0.071429,0.000000,5.000000
2.000000,0.000000,99,0.200000,0.500000,0.285714,0.284926,0.500000,0.523013,4.000000
2.000000,0.000000,100,0.300000,0.333333,0.315789,0.305564,1.000000,0.497455,9.000000
2.000000,0.000000,101,0.500000,0.833333,0.625000,0.553704,0.500000,0.553263,6.000000
2.000000,0.000000,102,0.100000,0.250000,0.142857,0.078853,0.166667,0.050059,4.000000
2.000000,0.000000,103,0.100000,0.500000,0.166667,0.072448,0.142857,0.204382,2.000000
2.000000,0.000000,104,0.100000,0.200000,0.133333,0.135345,0.500000,0.213986,5.000000
2.000000,0.000000,105,0.400000,0.800000,0.533333,0.443434,0.500000,0.620134,5.000000
2.000000,0.000000,106,0.300000,0.600000,0.400000,0.353147,0.500000,0.387045,5.000000
2.000000,0.000000,107,0.200000,0.285714,0.235294,0.237982,0.500000,0.314255,7.000000
2.000000,0.000000,108,0.500000,0.714286,0.588235,0.697279,1.000000,0.783572,7.000000
2.000000,0.000000,109,0.000000,0.000000,0.000000,0.032940,0.027778,0.000000,5.000000
2.000000,0.000000,110,0.000000,0.000000,0.000000,0.027816,0.035714,0.000000,4.000000
2.000000,0.000000,111,0.100000,0.142857,0.117647,0.209268,0.250000,0.066470,7.000000
2.000000,0.000000,112,0.200000,1.000000,0.333333,0.375000,0.500000,0.434413,2.000000
2.000000,0.000000,113,0.100000,0.250000,0.142857,0.084278,0.250000,0.168128,4.000000
2.000000,0.000000,114,0.100000,0.250000,0.142857,0.041738,0.100000,0.195239,4.000000
2.000000,0.000000,115,0.100000,0.250000,0.142857,0.043572,0.125000,0.165447,4.000000
2.000000,0.000000,116,0.100000,0.200000,0.133333,0.050594,0.142857,0.049821,5.000000
2.000000,0.000000,117,0.000000,0.000000,0.000000,0.028629,0.025000,0.000000,2.000000
2.000000,0.000000,118,0.200000,0.666667,0.307692,0.181944,0.200000,0.363386,3.000000
2.000000,0.000000,119,0.100000,1.000000,0.181818,0.500000,0.500000,0.630930,1.000000
2.000000,0.000000,120,0.300000,0.333333,0.315789,0.336192,0.500000,0.345070,9.000000
2.000000,0.000000,121,0.300000,0.428571,0.352941,0.498033,1.000000,0.567670,7.000000
2.000000,0.000000,122,0.100000,0.111111,0.105263,0.144776,0.333333,0.023685,9.000000
2.000000,0.000000,123,0.000000,0.000000,0.000000,0.088933,0.090909,0.000000,2.000000
2.000000,0.000000,124,0.000000,0.000000,0.000000,0.003874,0.005587,0.000000,4.000000
2.000000,0.000000,125,0.300000,0.176471,0.222222,0.276827,1.000000,0.396807,17.000000
2.000000,0.000000,126,0.200000,0.250000,0.222222,0.264015,1.000000,0.620999,8.000000
2.000000,0.000000,127,0.100000,0.200000,0.133333,0.162724,0.333333,0.109218,5.000000
2.000000,0.000000,128,0.000000,0.000000,0.000000,0.016803,0.024390,0.000000,2.000000
2.000000,0.000000,129,0.400000,0.571429,0.470588,0.389813,0.500000,0.568949,7.000000
2.000000,0.000000,130,0.300000,0.600000,0.400000,0.488717,1.000000,0.583868,5.000000
2.000000,0.000000,131,0.400000,0.500000,0.444444,0.319023,0.333333,0.268114,8.000000
2.000000,0.000000,132,0.500000,0.333333,0.400000,0.698548,1.000000,0.313272,15.000000
2.000000,0.000000,133,0.200000,0.285714,0.235294,0.268533,0.250000,0.348727,7.000000
2.000000,0.000000,134,0.100000,0.500000,0.166667,0.512048,1.000000,0.337352,2.000000
2.000000,0.000000,135,0.500000,0.625000,0.555556,0.534127,1.000000,0.363423,8.000000
2.000000,0.000000,136,0.100000,0.333333,0.153846,0.117063,0.142857,0.309964,3.000000
2.000000,0.000000,137,0.100000,0.250000,0.142857,0.204391,0.500000,0.161987,4.000000
2.000000,0.000000,138,0.100000,0.500000,0.166667,0.276316,0.500000,0.386853,2.000000
2.000000,0.000000,139,0.000000,0.000000,0.000000,0.007698,0.012658,0.000000,4.000000
2.000000,0.000000,140,0.200000,0.333333,0.250000,0.112780,0.200000,0.351365,6.000000
2.000000,0.000000,141,0.100000,0.166667,0.125000,0.123317,0.333333,0.105397,6.000000
2.000000,0.000000,142,0.000000,0.000000,0.000000,0.047619,0.047619,0.000000,1.000000
2.000000,0.000000,143,0.200000,1.000000,0.333333,0.642857,1.000000,0.817530,2.000000
2.000000,0.000000,144,0.200000,0.333333,0.250000,0.277598,0.500000,0.193751,6.000000
2.000000,0.000000,145,0.100000,0.142857,0.117647,0.140681,0.250000,0.147105,7.000000
2.000000,0.000000,146,0.200000,1.000000,0.333333,0.333333,0.333333,0.507235,2.000000
2.000000,0.000000,147,0.400000,0.400000,0.400000,0.285595,0.500000,0.436124,10.000000
2.000000,0.000000,148,0.200000,0.333333,0.250000,0.119520,0.200000,0.261159,6.000000
2.000000,0.000000,149,0.300000,0.272727,0.285714,0.297107,1.000000,0.374666,11.000000
2.000000,0.000000,150,0.200000,1.000000,0.333333,1.000000,1.000000,1.000000,2.000000
2.000000,0.000000,151,0.000000,0.000000,0.000000,0.025471,0.040000,0.000000,5.000000
2.000000,0.000000,152,0.000000,0.000000,0.000000,0.017234,0.020000,0.000000,6.000000
2.000000,0.000000,153,0.300000,0.428571,0.352941,0.315058,1.000000,0.280267,7.000000
2.000000,0.000000,154,0.200000,1.000000,0.333333,0.833333,1.000000,0.730929,2.000000
2.000000,0.000000,155,0.100000,0.166667,0.125000,0.131200,0.333333,0.063224,6.000000
2.000000,0.000000,156,0.700000,0.500000,0.583333,0.548765,1.000000,0.407371,14.000000
2.000000,0.000000,157,0.500000,0.128205,0.204082,0.278319,1.000000,0.440639,39.000000
2.000000,0.000000,158,0.200000,0.250000,0.222222,0.271062,1.000000,0.575715,8.000000
2.000000,0.000000,159,0.200000,0.250000,0.222222,0.072409,0.111111,0.112864,8.000000
2.000000,0.000000,160,0.100000,0.200000,0.133333,0.218438,1.000000,0.416070,5.000000
2.000000,0.000000,161,0.300000,0.500000,0.375000,0.446165,1.000000,0.787388,6.000000
2.000000,0.000000,162,0.100000,0.125000,0.111111,0.118170,0.166667,0.023449,8.000000
2.000000,0.000000,163,0.200000,0.666667,0.307692,0.169753,0.250000,0.343374,3.000000
2.000000,0.000000,164,0.400000,0.500000,0.444444,0.566776,1.000000,0.677692,8.000000
2.000000,0.000000,165,0.200000,1.000000,0.333333,0.361111,0.500000,0.571429,2.000000
2.000000,0.000000,166,0.100000,0.125000,0.111111,0.041720,0.100000,0.073117,8.000000
2.000000,0.000000,167,0.200000,1.000000,0.333333,1.000000,1.000000,1.000000,2.000000
2.000000,0.000000,168,0.100000,0.500000,0.166667,0.060870,0.100000,0.177239,2.000000
2.000000,0.000000,169,0.200000,0.500000,0.285714,0.222318,0.333333,0.363318,4.000000
2.000000,0.000000,170,0.400000,0.666667,0.500000,0.367586,0.500000,0.481192,6.000000
2.000000,0.000000,171,0.300000,1.000000,0.461538,0.500000,0.500000,0.691596,3.000000
2.000000,0.000000,172,0.400000,1.000000,0.571429,0.584524,0.500000,0.594203,4.000000
2.000000,0.000000,173,0.200000,1.000000,0.333333,1.000000,1.000000,1.000000,2.000000
2.000000,0.000000,174,0.100000,0.200000,0.133333,0.043943,0.100000,0.122604,5.000000
2.000000,0.000000,175,0.000000,0.000000,0.000000,0.039131,0.052632,0.000000,5.000000
2.000000,0.000000,176,0.000000,0.000000,0.000000,0.040167,0.058824,0.000000,7.000000
2.000000,0.000000,177,0.300000,0.600000,0.400000,0.618590,1.000000,0.803814,5.000000
2.000000,0.000000,178,0.300000,0.750000,0.428571,0.681090,1.000000,0.893804,4.000000
2.000000,0.000000,179,0.300000,0.750000,0.428571,0.452801,1.000000,0.671353,4.000000
2.000000,0.000000,180,0.400000,0.571429,0.470588,0.386880,0.500000,0.486974,7.000000
2.000000,0.000000,181,0.100000,0.200000,0.133333,0.247531,1.000000,0.172721,5.000000
2.000000,0.000000,182,0.200000,1.000000,0.333333,0.833333,1.000000,0.976748,2.000000
2.000000,0.000000,183,0.600000,0.461538,0.521739,0.620294,1.000000,0.389196,13.000000
2.000000,0.000000,184,0.200000,0.285714,0.235294,0.226745,0.500000,0.226739,7.000000
2.000000,0.000000,185,0.600000,0.666667,0.631579,0.792154,1.000000,0.833036,9.000000
2.000000,0.000000,186,0.400000,0.250000,0.307692,0.146824,0.250000,0.306239,16.000000
2.000000,0.000000,187,0.200000,0.333333,0.250000,0.146137,0.500000,0.238418,6.000000
2.000000,0.000000,188,0.400000,0.363636,0.380952,0.305596,0.500000,0.430066,11.000000
2.000000,0.000000,189,0.200000,0.222222,0.210526,0.143138,0.250000,0.114123,9.000000
2.000000,0.000000,190,0.200000,0.400000,0.266667,0.320674,1.000000,0.241184,5.000000
2.000000,0.000000,191,0.300000,0.230769,0.260870,0.343242,0.200000,0.108755,13.000000
2.000000,0.000000,192,0.300000,0.750000,0.428571,0.705357,1.000000,0.804810,4.000000
2.000000,0.000000,193,0.700000,0.777778,0.736842,0.760711,1.000000,0.815676,9.000000
2.000000,0.000000,194,0.300000,0.500000,0.375000,0.208459,0.166667,0.276845,6.000000
2.000000,0.000000,195,0.100000,0.333333,0.153846,0.361026,1.000000,0.469279,3.000000
2.000000,0.000000,196,0.200000,0.166667,0.181818,0.068809,0.333333,0.141879,12.000000
2.000000,0.000000,197,0.200000,0.666667,0.307692,0.725490,1.000000,0.713621,3.000000
2.000000,0.000000,198,0.300000,0.750000,0.428571,0.391331,1.000000,0.621614,4.000000
2.000000,0.000000,199,0.100000,0.125000,0.111111,0.088856,0.142857,0.057300,8.000000
2.000000,0.000000,200,0.200000,0.666667,0.307692,0.456790,1.000000,0.636439,3.000000
2.000000,0.000000,201,0.400000,0.250000,0.307692,0.285831,1.000000,0.564030,16.000000
2.000000,0.000000,202,0.300000,0.214286,0.250000,0.251056,1.000000,0.210535,14.000000
2.000000,0.000000,203,0.200000,0.142857,0.166667,0.221671,1.000000,0.413957,14.000000
2.000000,0.000000,204,0.000000,0.000000,0.000000,0.037564,0.038462,0.000000,14.000000
2.000000,0.000000,205,0.200000,1.000000,0.333333,0.666667,1.000000,0.831555,2.000000
2.000000,0.000000,206,0.200000,0.666667,0.307692,0.301767,0.500000,0.551579,3.000000
2.000000,0.000000,207,0.200000,0.400000,0.266667,0.154045,0.250000,0.275069,5.000000
2.000000,0.000000,208,0.500000,0.833333,0.625000,0.662734,0.500000,0.618224,6.000000
2.000000,0.000000,209,0.100000,0.083333,0.090909,0.123189,0.500000,0.103187,12.000000
2.000000,0.000000,210,0.200000,0.333333,0.250000,0.345321,1.000000,0.492365,6.000000
2.000000,0.000000,211,0.100000,0.090909,0.095238,0.131458,0.142857,0.137545,11.000000
2.000000,0.000000,212,0.500000,0.357143,0.416667,0.455220,1.000000,0.592074,14.000000
2.000000,0.000000,213,0.600000,0.545455,0.571429,0.610376,1.000000,0.579977,11.000000
2.000000,0.000000,214,0.100000,0.250000,0.142857,0.105145,0.333333,0.195190,4.000000
2.000000,0.000000,215,0.000000,0.000000,0.000000,0.031734,0.034483,0.000000,2.000000
2.000000,0.000000,216,0.000000,0.000000,0.000000,0.003279,0.003279,0.000000,1.000000
2.000000,0.000000,217,0.300000,0.200000,0.240000,0.185186,0.500000,0.089374,15.000000
2.000000,0.000000,218,0.400000,0.266667,0.320000,0.333344,0.500000,0.459954,15.000000
2.000000,0.000000,219,0.000000,0.000000,0.000000,0.041283,0.022727,0.000000,18.000000
2.000000,0.000000,220,0.200000,0.105263,0.137931,0.196932,1.000000,0.173659,19.000000
2.000000,0.000000,221,0.400000,0.222222,0.285714,0.231305,1.000000,0.276615,18.000000
2.000000,0.000000,222,0.600000,0.666667,0.631579,0.776263,1.000000,0.740280,9.000000
2.000000,0.000000,223,0.300000,0.750000,0.428571,0.797619,1.000000,0.831872,4.000000
2.000000,0.000000,224,0.200000,0.250000,0.222222,0.140095,0.142857,0.173329,8.000000
2.000000,0.000000,225,0.200000,0.083333,0.117647,0.099729,1.000000,0.103457,24.000000
2.000000,0.750000,1,0.300000,0.107143,0.157895,0.235725,1.000000,0.266644,28.000000
2.000000,0.750000,2,0.500000,0.208333,0.294118,0.224834,1.000000,0.655520,24.000000
2.000000,0.750000,3,0.700000,0.875000,0.777778,0.658801,0.500000,0.740380,8.000000
2.000000,0.750000,4,0.100000,0.500000,0.166667,0.535714,1.000000,0.613147,2.000000
2.000000,0.750000,5,0.300000,0.750000,0.428571,0.287143,0.333333,0.434514,4.000000
2.000000,0.750000,6,0.100000,0.250000,0.142857,0.192840,0.500000,0.161987,4.000000
2.000000,0.750000,7,0.200000,0.400000,0.266667,0.159418,0.250000,0.203169,5.000000
2.000000,0.750000,8,0.100000,0.090909,0.095238,0.130755,0.500000,0.193094,11.000000
2.000000,0.750000,9,0.300000,1.000000,0.461538,0.916667,1.000000,0.967468,3.000000
2.000000,0.750000,10,0.200000,0.250000,0.222222,0.170594,0.500000,0.217579,8.000000
2.000000,0.750000,11,0.200000,0.285714,0.235294,0.209678,0.500000,0.193986,7.000000
2.000000,0.750000,12,0.200000,0.400000,0.266667,0.313969,0.500000,0.268396,5.000000
2.000000,0.750000,13,0.000000,0.000000,0.000000,0.007837,0.004808,0.000000,4.000000
2.000000,0.750000,14,0.200000,1.000000,0.333333,0.600000,1.000000,0.978129,2.000000
2.000000,0.750000,15,0.200000,1.000000,0.333333,1.000000,1.000000,0.737826,2.000000
2.000000,0.750000,16,0.100000,0.333333,0.153846,0.204179,0.500000,0.182125,3.000000
2.000000,0.750000,17,0.100000,0.500000,0.166667,0.078728,0.142857,0.262385,2.000000
2.000000,0.750000,18,0.100000,0.333333,0.153846,0.355235,1.000000,0.469279,3.000000
2.000000,0.750000,19,0.100000,0.111111,0.105263,0.073851,0.500000,0.220228,9.000000
2.000000,0.750000,20,0.600000,0.666667,0.631579,0.613994,0.500000,0.604269,9.000000
2.000000,0.750000,21,0.000000,0.000000,0.000000,0.066910,0.066667,0.000000,4.000000
2.000000,0.750000,22,0.000000,0.000000,0.000000,0.001647,0.001647,0.000000,1.000000
2.000000,0.750000,23,0.400000,0.125000,0.190476,0.222765,0.500000,0.295841,32.000000
2.000000,0.750000,24,0.200000,0.666667,0.307692,0.332258,0.500000,0.551579,3.000000
2.000000,0.750000,25,0.600000,0.666667,0.631579,0.713577,1.000000,0.679619,9.000000
2.000000,0.750000,26,0.200000,0.333333,0.250000,0.209080,0.500000,0.440134,6.000000
2.000000,0.750000,27,0.100000,0.333333,0.153846,0.116162,0.111111,0.202757,3.000000
2.000000,0.750000,28,0.000000,0.000000,0.000000,0.005172,0.003676,0.000000,2.000000
2.000000,0.750000,29,0.400000,0.444444,0.421053,0.452199,1.000000,0.503997,9.000000
2.000000,0.750000,30,0.100000,0.142857,0.117647,0.063579,0.111111,0.112258,7.000000
2.000000,0.750000,31,0.000000,0.000000,0.000000,0.000929,0.000929,0.000000,1.000000
2.000000,0.750000,32,0.200000,0.333333,0.250000,0.204829,0.500000,0.090999,6.000000
2.000000,0.750000,33,0.300000,1.000000,0.461538,0.638889,0.500000,0.683286,3.000000
2.000000,0.750000,34,0.300000,0.500000,0.375000,0.291997,0.333333,0.333148,6.000000
2.000000,0.750000,35,0.000000,0.000000,0.000000,0.024632,0.035714,0.000000,3.000000
2.000000,0.750000,36,0.100000,0.500000,0.166667,0.502415,1.000000,0.337352,2.000000
2.000000,0.750000,37,0.100000,0.111111,0.105263,0.104882,0.111111,0.046823,9.000000
2.000000,0.750000,38,0.000000,0.000000,0.000000,0.045187,0.090909,0.000000,10.000000
2.000000,0.750000,39,0.200000,0.153846,0.173913,0.133274,0.500000,0.255458,13.000000
2.000000,0.750000,40,0.200000,0.166667,0.181818,0.103304,0.333333,0.094404,12.000000
2.000000,0.750000,41,0.300000,1.000000,0.461538,0.833333,1.000000,0.885412,3.000000
2.000000,0.750000,42,0.300000,0.600000,0.400000,0.180798,0.166667,0.367790,5.000000
2.000000,0.750000,43,0.400000,0.666667,0.500000,0.586652,1.000000,0.863023,6.000000
2.000000,0.750000,44,0.000000,0.000000,0.000000,0.002488,0.001355,0.000000,3.000000
2.000000,0.750000,45,0.100000,0.083333,0.090909,0.198920,1.000000,0.347319,12.000000
2.000000,0.750000,46,0.500000,0.333333,0.400000,0.373878,1.000000,0.579898,15.000000
2.000000,0.750000,47,0.600000,0.428571,0.500000,0.383649,0.333333,0.385326,14.000000
2.000000,0.750000,48,0.300000,0.272727,0.285714,0.188850,0.500000,0.388889,11.000000
2.000000,0.750000,49,0.100000,0.500000,0.166667,0.137037,0.200000,0.319631,2.000000
2.000000,0.750000,50,0.100000,0.166667,0.125000,0.102579,0.500000,0.337389,6.000000
2.000000,0.750000,51,0.600000,0.600000,0.600000,0.552300,1.000000,0.449638,10.000000
2.000000,0.750000,52,0.400000,1.000000,0.571429,0.525000,0.500000,0.557880,4.000000
2.000000,0.750000,53,0.200000,0.200000,0.200000,0.258139,1.000000,0.170821,10.000000
2.000000,0.750000,54,0.100000,0.111111,0.105263,0.135058,0.500000,0.284377,9.000000
2.000000,0.750000,55,0.400000,0.400000,0.400000,0.402607,1.000000,0.306391,10.000000
2.000000,0.750000,56,0.200000,0.200000,0.200000,0.153799,0.333333,0.139943,10.000000
2.000000,0.750000,57,0.100000,0.071429,0.083333,0.098000,0.500000,0.323157,14.000000
2.000000,0.750000,58,0.100000,0.111111,0.105263,0.160350,0.142857,0.174420,9.000000
2.000000,0.750000,59,0.200000,0.500000,0.285714,0.322687,1.000000,0.330959,4.000000
2.000000,0.750000,60,0.300000,0.600000,0.400000,0.460384,1.000000,0.409554,5.000000
2.000000,0.750000,61,0.400000,0.800000,0.533333,0.556976,1.000000,0.711931,5.000000
2.000000,0.750000,62,0.000000,0.000000,0.000000,0.032371,0.076923,0.000000,5.000000
2.000000,0.750000,63,0.000000,0.000000,0.000000,0.050908,0.055556,0.000000,3.000000
2.000000,0.750000,64,0.100000,0.500000,0.166667,0.555556,1.000000,0.772538,2.000000
2.000000,0.750000,65,0.600000,0.400000,0.480000,0.258989,0.500000,0.469974,15.000000
2.000000,0.750000,66,0.100000,0.200000,0.133333,0.115228,0.200000,0.176196,5.000000
2.000000,0.750000,67,0.600000,0.428571,0.500000,0.533231,1.000000,0.594228,14.000000
2.000000,0.750000,68,0.100000,0.200000,0.133333,0.088882,0.333333,0.272472,5.000000
2.000000,0.750000,69,0.000000,0.000000,0.000000,0.042103,0.066667,0.000000,5.000000
2.000000,0.750000,70,0.100000,0.100000,0.100000,0.081545,0.166667,0.079666,10.000000
2.000000,0.750000,71,0.100000,0.125000,0.111111,0.044926,0.100000,0.112554,8.000000
2.000000,0.750000,72,0.200000,0.117647,0.148148,0.092358,0.333333,0.181912,17.000000
2.000000,0.750000,73,0.600000,0.300000,0.400000,0.356263,1.000000,0.602712,20.000000
2.000000,0.750000,74,0.100000,0.166667,0.125000,0.127312,0.100000,0.143607,6.000000
2.000000,0.750000,75,0.100000,0.200000,0.133333,0.040828,0.125000,0.073676,5.000000
2.000000,0.750000,76,0.200000,0.285714,0.235294,0.197509,0.500000,0.339294,7.000000
2.000000,0.750000,77,0.300000,0.500000,0.375000,0.367544,1.000000,0.343403,6.000000
2.000000,0.750000,78,0.300000,1.000000,0.461538,0.755556,1.000000,0.737103,3.000000
2.000000,0.750000,79,0.100000,0.200000,0.133333,0.065299,0.111111,0.145418,5.000000
2.000000,0.750000,80,0.000000,0.000000,0.000000,0.022795,0.040000,0.000000,4.000000
2.000000,0.750000,81,0.200000,1.000000,0.333333,0.416667,0.333333,0.445281,2.000000
2.000000,0.750000,82,0.300000,0.600000,0.400000,0.383438,1.000000,0.528460,5.000000
2.000000,0.750000,83,0.100000,0.250000,0.142857,0.107612,0.250000,0.168128,4.000000
2.000000,0.750000,84,0.400000,0.363636,0.380952,0.403912,1.000000,0.270416,11.000000
2.000000,0.750000,85,0.100000,0.250000,0.142857,0.262581,1.000000,0.135083,4.000000
2.000000,0.750000,86,0.200000,1.000000,0.333333,0.500000,0.500000,0.650921,2.000000
2.000000,0.750000,87,0.000000,0.000000,0.000000,0.011486,0.012987,0.000000,8.000000
2.000000,0.750000,88,0.600000,1.000000,0.750000,0.649603,0.500000,0.689371,6.000000
2.000000,0.750000,89,0.100000,0.166667,0.125000,0.158584,0.250000,0.213959,6.000000
2.000000,0.750000,90,0.400000,0.307692,0.347826,0.237232,0.500000,0.197108,13.000000
2.000000,0.750000,91,0.300000,0.333333,0.315789,0.330073,1.000000,0.495038,9.000000
2.000000,0.750000,92,0.600000,0.461538,0.521739,0.557748,1.000000,0.246253,13.000000
2.000000,0.750000,93,0.100000,1.000000,0.181818,0.500000,0.500000,0.630930,1.000000
2.000000,0.750000,94,0.600000,0.500000,0.545455,0.601421,1.000000,0.334001,12.000000
2.000000,0.750000,95,0.200000,1.000000,0.333333,0.375000,0.500000,0.343096,2.000000
2.000000,0.750000,96,0.500000,0.384615,0.434783,0.421658,0.500000,0.356513,13.000000
2.000000,0.750000,97,0.300000,0.300000,0.300000,0.200873,0.500000,0.253658,10.000000
2.000000,0.750000,98,0.000000,0.000000,0.000000,0.026110,0.050000,0.000000,5.000000
2.000000,0.750000,99,0.200000,0.500000,0.285714,0.241860,0.333333,0.436918,4.000000
2.000000,0.750000,100,0.200000,0.222222,0.210526,0.221631,0.500000,0.344048,9.000000
2.000000,0.750000,101,0.500000,0.833333,0.625000,0.814312,1.000000,0.850921,6.000000
2.000000,0.750000,102,0.200000,0.500000,0.285714,0.393348,1.000000,0.412363,4.000000
2.000000,0.750000,103,0.000000,0.000000,0.000000,0.027335,0.052632,0.000000,2.000000
2.000000,0.750000,104,0.100000,0.200000,0.133333,0.108888,0.200000,0.131205,5.000000
2.000000,0.750000,105,0.300000,0.600000,0.400000,0.438657,0.500000,0.570575,5.000000
2.000000,0.750000,106,0.300000,0.600000,0.400000,0.425714,1.000000,0.748137,5.000000
2.000000,0.750000,107,0.300000,0.428571,0.352941,0.321740,0.500000,0.337761,7.000000
2.000000,0.750000,108,0.500000,0.714286,0.588235,0.770439,1.000000,0.713702,7.000000
2.000000,0.750000,109,0.000000,0.000000,0.000000,0.037831,0.027027,0.000000,5.000000
2.000000,0.750000,110,0.100000,0.250000,0.142857,0.281175,1.000000,0.568298,4.000000
2.000000,0.750000,111,0.200000,0.285714,0.235294,0.253445,0.200000,0.108395,7.000000
2.000000,0.750000,112,0.100000,0.500000,0.166667,0.316667,0.500000,0.173765,2.000000
2.000000,0.750000,113,0.200000,0.500000,0.285714,0.327489,1.000000,0.507896,4.000000
2.000000,0.750000,114,0.100000,0.250000,0.142857,0.062861,0.166667,0.240588,4.000000
2.000000,0.750000,115,0.100000,0.250000,0.142857,0.056142,0.200000,0.202887,4.000000
2.000000,0.750000,116,0.100000,0.200000,0.133333,0.059706,0.250000,0.064371,5.000000
2.000000,0.750000,117,0.000000,0.000000,0.000000,0.035560,0.030303,0.000000,2.000000
2.000000,0.750000,118,0.200000,0.666667,0.307692,0.253140,0.333333,0.448442,3.000000
2.000000,0.750000,119,0.100000,1.000000,0.181818,1.000000,1.000000,1.000000,1.000000
2.000000,0.750000,120,0.500000,0.555556,0.526316,0.445450,0.500000,0.541358,9.000000
2.000000,0.750000,121,0.400000,0.571429,0.470588,0.509295,0.500000,0.477179,7.000000
2.000000,0.750000,122,0.400000,0.444444,0.421053,0.300931,0.333333,0.188154,9.000000
2.000000,0.750000,123,0.000000,0.000000,0.000000,0.097222,0.083333,0.000000,2.000000
2.000000,0.750000,124,0.000000,0.000000,0.000000,0.004601,0.007874,0.000000,4.000000
2.000000,0.750000,125,0.300000,0.176471,0.222222,0.276348,1.000000,0.403486,17.000000
2.000000,0.750000,126,0.200000,0.250000,0.222222,0.222903,1.000000,0.571145,8.000000
2.000000,0.750000,127,0.100000,0.200000,0.133333,0.110194,0.250000,0.094075,5.000000
2.000000,0.750000,128,0.000000,0.000000,0.000000,0.018979,0.029412,0.000000,2.000000
2.000000,0.750000,129,0.400000,0.571429,0.470588,0.385075,0.500000,0.537721,7.000000
2.000000,0.750000,130,0.400000,0.800000,0.533333,0.551091,1.000000,0.667059,5.000000
2.000000,0.750000,131,0.300000,0.375000,0.333333,0.339523,0.200000,0.131427,8.000000
2.000000,0.750000,132,0.700000,0.466667,0.560000,0.698766,1.000000,0.357159,15.000000
2.000000,0.750000,133,0.100000,0.142857,0.117647,0.238981,0.142857,0.197746,7.000000
2.000000,0.750000,134,0.100000,0.500000,0.166667,0.273256,0.500000,0.212845,2.000000
2.000000,0.750000,135,0.400000,0.500000,0.444444,0.619763,1.000000,0.129249,8.000000
2.000000,0.750000,136,0.100000,0.333333,0.153846,0.392857,1.000000,0.929891,3.000000
2.000000,0.750000,137,0.200000,0.500000,0.285714,0.193661,0.250000,0.202027,4.000000
2.000000,0.750000,138,0.100000,0.500000,0.166667,0.129412,0.200000,0.237198,2.000000
2.000000,0.750000,139,0.000000,0.000000,0.000000,0.008719,0.008772,0.000000,4.000000
2.000000,0.750000,140,0.200000,0.333333,0.250000,0.183182,0.500000,0.481270,6.000000
2.000000,0.750000,141,0.200000,0.333333,0.250000,0.135735,0.200000,0.217521,6.000000
2.000000,0.750000,142,0.000000,0.000000,0.000000,0.090909,0.090909,0.000000,1.000000
2.000000,0.750000,143,0.200000,1.000000,0.333333,0.750000,1.000000,0.877215,2.000000
2.000000,0.750000,144,0.500000,0.833333,0.625000,0.427407,0.500000,0.526391,6.000000
2.000000,0.750000,145,0.400000,0.571429,0.470588,0.314501,0.500000,0.507659,7.000000
2.000000,0.750000,146,0.200000,1.000000,0.333333,0.583333,0.500000,0.556024,2.000000
2.000000,0.750000,147,0.300000,0.300000,0.300000,0.241716,0.500000,0.331538,10.000000
2.000000,0.750000,148,0.200000,0.333333,0.250000,0.214537,0.500000,0.403046,6.000000
2.000000,0.750000,149,0.500000,0.454545,0.476190,0.408341,1.000000,0.536554,11.000000
2.000000,0.750000,150,0.200000,1.000000,0.333333,0.833333,1.000000,0.919721,2.000000
2.000000,0.750000,151,0.000000,0.000000,0.000000,0.031200,0.040000,0.000000,5.000000
2.000000,0.750000,152,0.000000,0.000000,0.000000,0.025083,0.050000,0.000000,6.000000
2.000000,0.750000,153,0.300000,0.428571,0.352941,0.334004,0.500000,0.322269,7.000000
2.000000,0.750000,154,0.200000,1.000000,0.333333,0.750000,1.000000,0.676361,2.000000
2.000000,0.750000,155,0.300000,0.500000,0.375000,0.197759,0.500000,0.183610,6.000000
2.000000,0.750000,156,0.700000,0.500000,0.583333,0.546980,1.000000,0.366331,14.000000
2.000000,0.750000,157,0.600000,0.153846,0.244898,0.345726,0.500000,0.389515,39.000000
2.000000,0.750000,158,0.300000,0.375000,0.333333,0.335751,1.000000,0.726890,8.000000
2.000000,0.750000,159,0.200000,0.250000,0.222222,0.100543,0.333333,0.170507,8.000000
2.000000,0.750000,160,0.100000,0.200000,0.133333,0.119577,0.500000,0.262511,5.000000
2.000000,0.750000,161,0.300000,0.500000,0.375000,0.539059,1.000000,0.744464,6.000000
2.000000,0.750000,162,0.100000,0.125000,0.111111,0.196329,0.500000,0.096913,8.000000
2.000000,0.750000,163,0.200000,0.666667,0.307692,0.261111,0.333333,0.416181,3.000000
2.000000,0.750000,164,0.500000,0.625000,0.555556,0.441064,1.000000,0.715420,8.000000
2.000000,0.750000,165,0.200000,1.000000,0.333333,0.583333,0.500000,0.693426,2.000000
2.000000,0.750000,166,0.100000,0.125000,0.111111,0.038488,0.100000,0.073117,8.000000
2.000000,0.750000,167,0.200000,1.000000,0.333333,0.416667,0.333333,0.538867,2.000000
2.000000,0.750000,168,0.100000,0.500000,0.166667,0.119048,0.166667,0.218407,2.000000
2.000000,0.750000,169,0.200000,0.500000,0.285714,0.280181,0.500000,0.397322,4.000000
2.000000,0.750000,170,0.400000,0.666667,0.500000,0.572432,1.000000,0.747396,6.000000
2.000000,0.750000,171,0.300000,1.000000,0.461538,0.638889,0.500000,0.657913,3.000000
2.000000,0.750000,172,0.400000,1.000000,0.571429,0.679167,0.500000,0.681856,4.000000
2.000000,0.750000,173,0.200000,1.000000,0.333333,1.000000,1.000000,1.000000,2.000000
2.000000,0.750000,174,0.100000,0.200000,0.133333,0.092570,0.250000,0.182668,5.000000
2.000000,0.750000,175,0.000000,0.000000,0.000000,0.051944,0.058824,0.000000,5.000000
2.000000,0.750000,176,0.100000,0.142857,0.117647,0.077786,0.125000,0.115452,7.000000
2.000000,0.750000,177,0.400000,0.800000,0.533333,0.685812,1.000000,0.870580,5.000000
2.000000,0.750000,178,0.300000,0.750000,0.428571,0.601923,1.000000,0.930865,4.000000
2.000000,0.750000,179,0.200000,0.500000,0.285714,0.339630,0.500000,0.441492,4.000000
2.000000,0.750000,180,0.300000,0.428571,0.352941,0.449625,0.500000,0.419019,7.000000
2.000000,0.750000,181,0.100000,0.200000,0.133333,0.262977,1.000000,0.172721,5.000000
2.000000,0.750000,182,0.200000,1.000000,0.333333,0.583333,0.500000,0.649031,2.000000
2.000000,0.750000,183,0.600000,0.461538,0.521739,0.638338,1.000000,0.593674,13.000000
2.000000,0.750000,184,0.200000,0.285714,0.235294,0.313002,1.000000,0.406014,7.000000
2.000000,0.750000,185,0.600000,0.666667,0.631579,0.836615,1.000000,0.825435,9.000000
2.000000,0.750000,186,0.500000,0.312500,0.384615,0.186792,0.500000,0.440067,16.000000
2.000000,0.750000,187,0.200000,0.333333,0.250000,0.190640,0.500000,0.244414,6.000000
2.000000,0.750000,188,0.500000,0.454545,0.476190,0.421145,1.000000,0.586938,11.000000
2.000000,0.750000,189,0.200000,0.222222,0.210526,0.140251,0.250000,0.118568,9.000000
2.000000,0.750000,190,0.300000,0.600000,0.400000,0.399821,1.000000,0.431961,5.000000
2.000000,0.750000,191,0.400000,0.307692,0.347826,0.427527,0.250000,0.122156,13.000000
2.000000,0.750000,192,0.300000,0.750000,0.428571,0.513649,0.500000,0.609620,4.000000
2.000000,0.750000,193,0.800000,0.888889,0.842105,0.781711,1.000000,0.836310,9.000000
2.000000,0.750000,194,0.100000,0.166667,0.125000,0.192971,0.250000,0.066435,6.000000
2.000000,0.750000,195,0.100000,0.333333,0.153846,0.099758,0.166667,0.167160,3.000000
2.000000,0.750000,196,0.300000,0.250000,0.272727,0.149311,0.500000,0.263839,12.000000
2.000000,0.750000,197,0.200000,0.666667,0.307692,0.738095,1.000000,0.713621,3.000000
2.000000,0.750000,198,0.200000,0.500000,0.285714,0.572855,1.000000,0.704352,4.000000
2.000000,0.750000,199,0.200000,0.250000,0.222222,0.119696,0.200000,0.118246,8.000000
2.000000,0.750000,200,0.200000,0.666667,0.307692,0.223232,0.333333,0.370291,3.000000
2.000000,0.750000,201,0.400000,0.250000,0.307692,0.319511,1.000000,0.580182,16.000000
2.000000,0.750000,202,0.400000,0.285714,0.333333,0.215021,0.500000,0.209571,14.000000
2.000000,0.750000,203,0.300000,0.214286,0.250000,0.136226,0.500000,0.313580,14.000000
2.000000,0.750000,204,0.100000,0.071429,0.083333,0.047104,0.100000,0.124978,14.000000
2.000000,0.750000,205,0.200000,1.000000,0.333333,0.666667,1.000000,0.831555,2.000000
2.000000,0.750000,206,0.200000,0.666667,0.307692,0.208486,0.333333,0.451618,3.000000
2.000000,0.750000,207,0.200000,0.400000,0.266667,0.245780,0.500000,0.382112,5.000000
2.000000,0.750000,208,0.600000,1.000000,0.750000,0.691667,0.500000,0.762868,6.000000
2.000000,0.750000,209,0.200000,0.166667,0.181818,0.143818,0.250000,0.086195,12.000000
2.000000,0.750000,210,0.200000,0.333333,0.250000,0.340401,1.000000,0.492365,6.000000
2.000000,0.750000,211,0.200000,0.181818,0.190476,0.143460,0.125000,0.147211,11.000000
2.000000,0.750000,212,0.600000,0.428571,0.500000,0.514272,1.000000,0.604405,14.000000
2.000000,0.750000,213,0.600000,0.545455,0.571429,0.609153,1.000000,0.606074,11.000000
2.000000,0.750000,214,0.100000,0.250000,0.142857,0.114147,0.333333,0.195190,4.000000
2.000000,0.750000,215,0.000000,0.000000,0.000000,0.049769,0.062500,0.000000,2.000000
2.000000,0.750000,216,0.000000,0.000000,0.000000,0.002681,0.002681,0.000000,1.000000
2.000000,0.750000,217,0.400000,0.266667,0.320000,0.337322,1.000000,0.337009,15.000000
2.000000,0.750000,218,0.300000,0.200000,0.240000,0.351104,1.000000,0.350901,15.000000
2.000000,0.750000,219,0.000000,0.000000,0.000000,0.040656,0.025000,0.000000,18.000000
2.000000,0.750000,220,0.300000,0.157895,0.206897,0.222496,1.000000,0.189414,19.000000
2.000000,0.750000,221,0.400000,0.222222,0.285714,0.241318,1.000000,0.279646,18.000000
2.000000,0.750000,222,0.600000,0.666667,0.631579,0.762665,1.000000,0.761131,9.000000
2.000000,0.750000,223,0.300000,0.750000,0.428571,0.556592,1.000000,0.724626,4.000000
2.000000,0.750000,224,0.100000,0.125000,0.111111,0.144610,0.200000,0.103349,8.000000
2.000000,0.750000,225,0.300000,0.125000,0.176471,0.111631,1.000000,0.151692,24.000000
2.000000,1.000000,1,0.400000,0.142857,0.210526,0.253865,1.000000,0.303277,28.000000
2.000000,1.000000,2,0.400000,0.166667,0.235294,0.207786,1.000000,0.683292,24.000000
2.000000,1.000000,3,0.700000,0.875000,0.777778,0.685268,0.500000,0.747057,8.000000
2.000000,1.000000,4,0.100000,0.500000,0.166667,0.284483,0.500000,0.386853,2.000000
2.000000,1.000000,5,0.300000,0.750000,0.428571,0.268601,0.250000,0.426884,4.000000
2.000000,1.000000,6,0.100000,0.250000,0.142857,0.114116,0.250000,0.110573,4.000000
2.000000,1.000000,7,0.200000,0.400000,0.266667,0.159722,0.250000,0.203169,5.000000
2.000000,1.000000,8,0.100000,0.090909,0.095238,0.134969,0.500000,0.193094,11.000000
2.000000,1.000000,9,0.300000,1.000000,0.461538,0.916667,1.000000,0.967468,3.000000
2.000000,1.000000,10,0.300000,0.375000,0.333333,0.273482,1.000000,0.347938,8.000000
2.000000,1.000000,11,0.200000,0.285714,0.235294,0.171607,0.333333,0.171209,7.000000
2.000000,1.000000,12,0.300000,0.600000,0.400000,0.394899,1.000000,0.516109,5.000000
2.000000,1.000000,13,0.000000,0.000000,0.000000,0.007837,0.004808,0.000000,4.000000
2.000000,1.000000,14,0.200000,1.000000,0.333333,0.666667,1.000000,0.982424,2.000000
2.000000,1.000000,15,0.200000,1.000000,0.333333,0.833333,1.000000,0.621567,2.000000
2.000000,1.000000,16,0.100000,0.333333,0.153846,0.202222,0.500000,0.182125,3.000000
2.000000,1.000000,17,0.100000,0.500000,0.166667,0.173516,0.333333,0.393577,2.000000
2.000000,1.000000,18,0.100000,0.333333,0.153846,0.356610,1.000000,0.469279,3.000000
2.000000,1.000000,19,0.100000,0.111111,0.105263,0.047019,0.250000,0.150329,9.000000
2.000000,1.000000,20,0.600000,0.666667,0.631579,0.615560,0.500000,0.599878,9.000000
2.000000,1.000000,21,0.000000,0.000000,0.000000,0.079776,0.066667,0.000000,4.000000
2.000000,1.000000,22,0.000000,0.000000,0.000000,0.001647,0.001647,0.000000,1.000000
2.000000,1.000000,23,0.400000,0.125000,0.190476,0.223242,0.500000,0.288024,32.000000
2.000000,1.000000,24,0.200000,0.666667,0.307692,0.271044,0.500000,0.505068,3.000000
2.000000,1.000000,25,0.600000,0.666667,0.631579,0.687666,1.000000,0.671697,9.000000
2.000000,1.000000,26,0.200000,0.333333,0.250000,0.186162,0.333333,0.385852,6.000000
2.000000,1.000000,27,0.100000,0.333333,0.153846,0.113357,0.125000,0.212479,3.000000
2.000000,1.000000,28,0.000000,0.000000,0.000000,0.005949,0.004831,0.000000,2.000000
2.000000,1.000000,29,0.400000,0.444444,0.421053,0.470810,1.000000,0.517507,9.000000
2.000000,1.000000,30,0.000000,0.000000,0.000000,0.052898,0.050000,0.000000,7.000000
2.000000,1.000000,31,0.000000,0.000000,0.000000,0.000961,0.000961,0.000000,1.000000
2.000000,1.000000,32,0.200000,0.333333,0.250000,0.177063,0.500000,0.085421,6.000000
2.000000,1.000000,33,0.300000,1.000000,0.461538,0.638889,0.500000,0.683286,3.000000
2.000000,1.000000,34,0.200000,0.333333,0.250000,0.257492,0.333333,0.108022,6.000000
2.000000,1.000000,35,0.000000,0.000000,0.000000,0.022652,0.030303,0.000000,3.000000
2.000000,1.000000,36,0.100000,0.500000,0.166667,0.502439,1.000000,0.337352,2.000000
2.000000,1.000000,37,0.200000,0.222222,0.210526,0.112391,0.200000,0.106996,9.000000
2.000000,1.000000,38,0.000000,0.000000,0.000000,0.043335,0.066667,0.000000,10.000000
2.000000,1.000000,39,0.200000,0.153846,0.173913,0.169654,0.500000,0.265921,13.000000
2.000000,1.000000,40,0.200000,0.166667,0.181818,0.084748,0.250000,0.081328,12.000000
2.000000,1.000000,41,0.300000,1.000000,0.461538,0.833333,1.000000,0.885412,3.000000
2.000000,1.000000,42,0.300000,0.600000,0.400000,0.182893,0.166667,0.367790,5.000000
2.000000,1.000000,43,0.400000,0.666667,0.500000,0.611867,1.000000,0.866728,6.000000
2.000000,1.000000,44,0.000000,0.000000,0.000000,0.002488,0.001355,0.000000,3.000000
2.000000,1.000000,45,0.200000,0.166667,0.181818,0.163374,0.500000,0.334907,12.000000
2.000000,1.000000,46,0.600000,0.400000,0.480000,0.340045,1.000000,0.627945,15.000000
2.000000,1.000000,47,0.600000,0.428571,0.500000,0.367769,0.250000,0.382485,14.000000
2.000000,1.000000,48,0.300000,0.272727,0.285714,0.183121,0.500000,0.400457,11.000000
2.000000,1.000000,49,0.100000,0.500000,0.166667,0.305556,0.500000,0.521296,2.000000
2.000000,1.000000,50,0.100000,0.166667,0.125000,0.187312,1.000000,0.534749,6.000000
2.000000,1.000000,51,0.600000,0.600000,0.600000,0.551664,1.000000,0.424623,10.000000
2.000000,1.000000,52,0.400000,1.000000,0.571429,0.709524,1.000000,0.621697,4.000000
2.000000,1.000000,53,0.200000,0.200000,0.200000,0.269259,1.000000,0.177678,10.000000
2.000000,1.000000,54,0.100000,0.111111,0.105263,0.122161,0.500000,0.284377,9.000000
2.000000,1.000000,55,0.300000,0.300000,0.300000,0.399958,1.000000,0.217240,10.000000
2.000000,1.000000,56,0.200000,0.200000,0.200000,0.139085,0.333333,0.144955,10.000000
2.000000,1.000000,57,0.100000,0.071429,0.083333,0.089045,0.500000,0.323157,14.000000
2.000000,1.000000,58,0.100000,0.111111,0.105263,0.154129,0.125000,0.023581,9.000000
2.000000,1.000000,59,0.100000,0.250000,0.142857,0.180128,0.500000,0.161987,4.000000
2.000000,1.000000,60,0.300000,0.600000,0.400000,0.564026,1.000000,0.353372,5.000000
2.000000,1.000000,61,0.200000,0.400000,0.266667,0.463979,1.000000,0.445346,5.000000
2.000000,1.000000,62,0.100000,0.200000,0.133333,0.038171,0.100000,0.034183,5.000000
2.000000,1.000000,63,0.000000,0.000000,0.000000,0.046584,0.052632,0.000000,3.000000
2.000000,1.000000,64,0.100000,0.500000,0.166667,0.566667,1.000000,0.772538,2.000000
2.000000,1.000000,65,0.500000,0.333333,0.400000,0.337328,1.000000,0.528875,15.000000
2.000000,1.000000,66,0.200000,0.400000,0.266667,0.147019,0.250000,0.339837,5.000000
2.000000,1.000000,67,0.800000,0.571429,0.666667,0.574627,1.000000,0.761505,14.000000
2.000000,1.000000,68,0.100000,0.200000,0.133333,0.047503,0.142857,0.181648,5.000000
2.000000,1.000000,69,0.000000,0.000000,0.000000,0.039481,0.055556,0.000000,5.000000
2.000000,1.000000,70,0.100000,0.100000,0.100000,0.073113,0.125000,0.070554,10.000000
2.000000,1.000000,71,0.000000,0.000000,0.000000,0.035681,0.071429,0.000000,8.000000
2.000000,1.000000,72,0.300000,0.176471,0.222222,0.121862,0.333333,0.238355,17.000000
2.000000,1.000000,73,0.600000,0.300000,0.400000,0.337562,1.000000,0.593097,20.000000
2.000000,1.000000,74,0.000000,0.000000,0.000000,0.096836,0.083333,0.000000,6.000000
2.000000,1.000000,75,0.100000,0.200000,0.133333,0.068702,0.250000,0.100583,5.000000
2.000000,1.000000,76,0.200000,0.285714,0.235294,0.179836,0.500000,0.281432,7.000000
2.000000,1.000000,77,0.300000,0.500000,0.375000,0.317688,0.500000,0.321836,6.000000
2.000000,1.000000,78,0.300000,1.000000,0.461538,0.638889,0.500000,0.643217,3.000000
2.000000,1.000000,79,0.100000,0.200000,0.133333,0.081632,0.142857,0.161022,5.000000
2.000000,1.000000,80,0.000000,0.000000,0.000000,0.028626,0.045455,0.000000,4.000000
2.000000,1.000000,81,0.200000,1.000000,0.333333,0.416667,0.333333,0.507371,2.000000
2.000000,1.000000,82,0.200000,0.400000,0.266667,0.403996,1.000000,0.422927,5.000000
2.000000,1.000000,83,0.100000,0.250000,0.142857,0.096603,0.250000,0.168128,4.000000
2.000000,1.000000,84,0.400000,0.363636,0.380952,0.411719,1.000000,0.274033,11.000000
2.000000,1.000000,85,0.100000,0.250000,0.142857,0.137670,0.500000,0.085228,4.000000
2.000000,1.000000,86,0.200000,1.000000,0.333333,0.500000,0.500000,0.650921,2.000000
2.000000,1.000000,87,0.000000,0.000000,0.000000,0.011815,0.014925,0.000000,8.000000
2.000000,1.000000,88,0.600000,1.000000,0.750000,0.757937,1.000000,0.746512,6.000000
2.000000,1.000000,89,0.100000,0.166667,0.125000,0.163010,0.250000,0.213959,6.000000
2.000000,1.000000,90,0.400000,0.307692,0.347826,0.240362,0.500000,0.144260,13.000000
2.000000,1.000000,91,0.300000,0.333333,0.315789,0.301430,1.000000,0.488504,9.000000
2.000000,1.000000,92,0.600000,0.461538,0.521739,0.546893,1.000000,0.246253,13.000000
2.000000,1.000000,93,0.100000,1.000000,0.181818,0.500000,0.500000,0.630930,1.000000
2.000000,1.000000,94,0.600000,0.500000,0.545455,0.541779,1.000000,0.329056,12.000000
2.000000,1.000000,95,0.100000,0.500000,0.166667,0.257576,0.333333,0.031988,2.000000
2.000000,1.000000,96,0.600000,0.461538,0.521739,0.368206,0.500000,0.365493,13.000000
2.000000,1.000000,97,0.200000,0.200000,0.200000,0.153706,0.333333,0.163346,10.000000
2.000000,1.000000,98,0.000000,0.000000,0.000000,0.027136,0.045455,0.000000,5.000000
2.000000,1.000000,99,0.200000,0.500000,0.285714,0.230001,0.333333,0.421820,4.000000
2.000000,1.000000,100,0.200000,0.222222,0.210526,0.190300,0.500000,0.322958,9.000000
2.000000,1.000000,101,0.500000,0.833333,0.625000,0.809295,1.000000,0.850921,6.000000
2.000000,1.000000,102,0.200000,0.500000,0.285714,0.460073,1.000000,0.491868,4.000000
2.000000,1.000000,103,0.000000,0.000000,0.000000,0.018261,0.034483,0.000000,2.000000
2.000000,1.000000,104,0.100000,0.200000,0.133333,0.125319,0.166667,0.120811,5.000000
2.000000,1.000000,105,0.300000,0.600000,0.400000,0.528947,1.000000,0.794323,5.000000
2.000000,1.000000,106,0.300000,0.600000,0.400000,0.387421,1.000000,0.733556,5.000000
2.000000,1.000000,107,0.300000,0.428571,0.352941,0.333085,0.500000,0.336816,7.000000
2.000000,1.000000,108,0.600000,0.857143,0.705882,0.778231,1.000000,0.776284,7.000000
2.000000,1.000000,109,0.000000,0.000000,0.000000,0.038640,0.027027,0.000000,5.000000
2.000000,1.000000,110,0.100000,0.250000,0.142857,0.286249,1.000000,0.568298,4.000000
2.000000,1.000000,111,0.200000,0.285714,0.235294,0.249216,0.166667,0.103665,7.000000
2.000000,1.000000,112,0.100000,0.500000,0.166667,0.297619,0.500000,0.173765,2.000000
2.000000,1.000000,113,0.200000,0.500000,0.285714,0.375521,1.000000,0.541400,4.000000
2.000000,1.000000,114,0.100000,0.250000,0.142857,0.047938,0.111111,0.203320,4.000000
2.000000,1.000000,115,0.100000,0.250000,0.142857,0.036362,0.125000,0.165447,4.000000
2.000000,1.000000,116,0.100000,0.200000,0.133333,0.075441,0.333333,0.074732,5.000000
2.000000,1.000000,117,0.000000,0.000000,0.000000,0.038690,0.035714,0.000000,2.000000
2.000000,1.000000,118,0.200000,0.666667,0.307692,0.218254,0.333333,0.432993,3.000000
2.000000,1.000000,119,0.100000,1.000000,0.181818,1.000000,1.000000,1.000000,1.000000
2.000000,1.000000,120,0.500000,0.555556,0.526316,0.505035,0.500000,0.584251,9.000000
2.000000,1.000000,121,0.400000,0.571429,0.470588,0.575714,1.000000,0.506774,7.000000
2.000000,1.000000,122,0.400000,0.444444,0.421053,0.297634,0.333333,0.186624,9.000000
2.000000,1.000000,123,0.000000,0.000000,0.000000,0.080409,0.055556,0.000000,2.000000
2.000000,1.000000,124,0.000000,0.000000,0.000000,0.004719,0.007937,0.000000,4.000000
2.000000,1.000000,125,0.300000,0.176471,0.222222,0.292133,1.000000,0.363131,17.000000
2.000000,1.000000,126,0.200000,0.250000,0.222222,0.223084,1.000000,0.571145,8.000000
2.000000,1.000000,127,0.100000,0.200000,0.133333,0.109387,0.333333,0.109218,5.000000
2.000000,1.000000,128,0.000000,0.000000,0.000000,0.018873,0.029412,0.000000,2.000000
2.000000,1.000000,129,0.400000,0.571429,0.470588,0.380468,0.500000,0.537721,7.000000
2.000000,1.000000,130,0.400000,0.800000,0.533333,0.571178,1.000000,0.674216,5.000000
2.000000,1.000000,131,0.300000,0.375000,0.333333,0.337816,0.166667,0.190369,8.000000
2.000000,1.000000,132,0.600000,0.400000,0.480000,0.634267,0.500000,0.436580,15.000000
2.000000,1.000000,133,0.100000,0.142857,0.117647,0.226239,0.125000,0.187146,7.000000
2.000000,1.000000,134,0.100000,0.500000,0.166667,0.188889,0.333333,0.168676,2.000000
2.000000,1.000000,135,0.400000,0.500000,0.444444,0.655103,1.000000,0.137258,8.000000
2.000000,1.000000,136,0.100000,0.333333,0.153846,0.388580,1.000000,0.929891,3.000000
2.000000,1.000000,137,0.200000,0.500000,0.285714,0.222136,0.250000,0.209895,4.000000
2.000000,1.000000,138,0.100000,0.500000,0.166667,0.094758,0.125000,0.193426,2.000000
2.000000,1.000000,139,0.000000,0.000000,0.000000,0.009386,0.008929,0.000000,4.000000
2.000000,1.000000,140,0.200000,0.333333,0.250000,0.174460,0.500000,0.466779,6.000000
2.000000,1.000000,141,0.200000,0.333333,0.250000,0.141164,0.200000,0.217521,6.000000
2.000000,1.000000,142,0.100000,1.000000,0.181818,0.111111,0.111111,0.301030,1.000000
2.000000,1.000000,143,0.200000,1.000000,0.333333,0.700000,1.000000,0.850345,2.000000
2.000000,1.000000,144,0.500000,0.833333,0.625000,0.480731,0.500000,0.614226,6.000000
2.000000,1.000000,145,0.400000,0.571429,0.470588,0.329075,0.500000,0.474989,7.000000
2.000000,1.000000,146,0.200000,1.000000,0.333333,0.833333,1.000000,0.621567,2.000000
2.000000,1.000000,147,0.300000,0.300000,0.300000,0.219651,0.500000,0.319831,10.000000
2.000000,1.000000,148,0.200000,0.333333,0.250000,0.299270,1.000000,0.543166,6.000000
2.000000,1.000000,149,0.400000,0.363636,0.380952,0.407576,1.000000,0.477967,11.000000
2.000000,1.000000,150,0.200000,1.000000,0.333333,0.583333,0.500000,0.693426,2.000000
2.000000,1.000000,151,0.000000,0.000000,0.000000,0.028058,0.037037,0.000000,5.000000
2.000000,1.000000,152,0.100000,0.166667,0.125000,0.033534,0.100000,0.204512,6.000000
2.000000,1.000000,153,0.300000,0.428571,0.352941,0.308145,0.500000,0.313769,7.000000
2.000000,1.000000,154,0.200000,1.000000,0.333333,0.700000,1.000000,0.641865,2.000000
2.000000,1.000000,155,0.300000,0.500000,0.375000,0.299116,1.000000,0.235829,6.000000
2.000000,1.000000,156,0.600000,0.428571,0.500000,0.511032,1.000000,0.322666,14.000000
2.000000,1.000000,157,0.600000,0.153846,0.244898,0.376929,0.500000,0.388999,39.000000
2.000000,1.000000,158,0.300000,0.375000,0.333333,0.365846,1.000000,0.784465,8.000000
2.000000,1.000000,159,0.200000,0.250000,0.222222,0.110345,0.333333,0.173565,8.000000
2.000000,1.000000,160,0.100000,0.200000,0.133333,0.059226,0.200000,0.160958,5.000000
2.000000,1.000000,161,0.300000,0.500000,0.375000,0.499180,1.000000,0.712009,6.000000
2.000000,1.000000,162,0.200000,0.250000,0.222222,0.203815,0.500000,0.143152,8.000000
2.000000,1.000000,163,0.200000,0.666667,0.307692,0.261686,0.333333,0.416181,3.000000
2.000000,1.000000,164,0.400000,0.500000,0.444444,0.342888,0.333333,0.409154,8.000000
2.000000,1.000000,165,0.200000,1.000000,0.333333,0.583333,0.500000,0.693426,2.000000
2.000000,1.000000,166,0.000000,0.000000,0.000000,0.035919,0.083333,0.000000,8.000000
2.000000,1.000000,167,0.200000,1.000000,0.333333,0.416667,0.333333,0.538867,2.000000
2.000000,1.000000,168,0.100000,0.500000,0.166667,0.171429,0.200000,0.237198,2.000000
2.000000,1.000000,169,0.200000,0.500000,0.285714,0.282613,0.500000,0.385359,4.000000
2.000000,1.000000,170,0.400000,0.666667,0.500000,0.618056,1.000000,0.760446,6.000000
2.000000,1.000000,171,0.300000,1.000000,0.461538,0.638889,0.500000,0.657913,3.000000
2.000000,1.000000,172,0.400000,1.000000,0.571429,0.770833,1.000000,0.881596,4.000000
2.000000,1.000000,173,0.200000,1.000000,0.333333,1.000000,1.000000,1.000000,2.000000
2.000000,1.000000,174,0.100000,0.200000,0.133333,0.113827,0.333333,0.212071,5.000000
2.000000,1.000000,175,0.000000,0.000000,0.000000,0.052558,0.071429,0.000000,5.000000
2.000000,1.000000,176,0.100000,0.142857,0.117647,0.100743,0.166667,0.130362,7.000000
2.000000,1.000000,177,0.400000,0.800000,0.533333,0.747619,1.000000,0.880222,5.000000
2.000000,1.000000,178,0.300000,0.750000,0.428571,0.512500,1.000000,0.930296,4.000000
2.000000,1.000000,179,0.200000,0.500000,0.285714,0.337432,0.500000,0.441492,4.000000
2.000000,1.000000,180,0.400000,0.571429,0.470588,0.483704,0.500000,0.349585,7.000000
2.000000,1.000000,181,0.200000,0.400000,0.266667,0.305707,1.000000,0.328628,5.000000
2.000000,1.000000,182,0.200000,1.000000,0.333333,0.583333,0.500000,0.649031,2.000000
2.000000,1.000000,183,0.600000,0.461538,0.521739,0.614314,1.000000,0.591196,13.000000
2.000000,1.000000,184,0.300000,0.428571,0.352941,0.367721,1.000000,0.523127,7.000000
2.000000,1.000000,185,0.600000,0.666667,0.631579,0.822096,1.000000,0.793284,9.000000
2.000000,1.000000,186,0.500000,0.312500,0.384615,0.200492,0.500000,0.460359,16.000000
2.000000,1.000000,187,0.200000,0.333333,0.250000,0.134305,0.250000,0.173129,6.000000
2.000000,1.000000,188,0.500000,0.454545,0.476190,0.449070,1.000000,0.619245,11.000000
2.000000,1.000000,189,0.200000,0.222222,0.210526,0.138809,0.250000,0.118568,9.000000
2.000000,1.000000,190,0.200000,0.400000,0.266667,0.432265,1.000000,0.311020,5.000000
2.000000,1.000000,191,0.500000,0.384615,0.434783,0.453878,0.200000,0.111899,13.000000
2.000000,1.000000,192,0.300000,0.750000,0.428571,0.522645,0.500000,0.609620,4.000000
2.000000,1.000000,193,0.700000,0.777778,0.736842,0.773902,1.000000,0.766654,9.000000
2.000000,1.000000,194,0.100000,0.166667,0.125000,0.178544,0.250000,0.066435,6.000000
2.000000,1.000000,195,0.100000,0.333333,0.153846,0.097506,0.166667,0.167160,3.000000
2.000000,1.000000,196,0.300000,0.250000,0.272727,0.221980,1.000000,0.338540,12.000000
2.000000,1.000000,197,0.200000,0.666667,0.307692,0.626984,1.000000,0.625434,3.000000
2.000000,1.000000,198,0.200000,0.500000,0.285714,0.489521,1.000000,0.647807,4.000000
2.000000,1.000000,199,0.100000,0.125000,0.111111,0.109118,0.200000,0.066499,8.000000
2.000000,1.000000,200,0.100000,0.333333,0.153846,0.221230,0.333333,0.234639,3.000000
2.000000,1.000000,201,0.300000,0.187500,0.230769,0.288408,1.000000,0.461684,16.000000
2.000000,1.000000,202,0.400000,0.285714,0.333333,0.193096,0.500000,0.183879,14.000000
2.000000,1.000000,203,0.100000,0.071429,0.083333,0.132107,0.500000,0.160140,14.000000
2.000000,1.000000,204,0.100000,0.071429,0.083333,0.050422,0.166667,0.154007,14.000000
2.000000,1.000000,205,0.200000,1.000000,0.333333,0.642857,1.000000,0.817530,2.000000
2.000000,1.000000,206,0.100000,0.333333,0.153846,0.141177,0.250000,0.233402,3.000000
2.000000,1.000000,207,0.200000,0.400000,0.266667,0.216830,0.333333,0.313018,5.000000
2.000000,1.000000,208,0.500000,0.833333,0.625000,0.682576,0.500000,0.735842,6.000000
2.000000,1.000000,209,0.200000,0.166667,0.181818,0.129790,0.142857,0.070275,12.000000
2.000000,1.000000,210,0.200000,0.333333,0.250000,0.338396,1.000000,0.492365,6.000000
2.000000,1.000000,211,0.200000,0.181818,0.190476,0.146520,0.142857,0.138927,11.000000
2.000000,1.000000,212,0.600000,0.428571,0.500000,0.503638,1.000000,0.604405,14.000000
2.000000,1.000000,213,0.500000,0.454545,0.476190,0.546280,1.000000,0.538115,11.000000
2.000000,1.000000,214,0.100000,0.250000,0.142857,0.158682,0.500000,0.246302,4.000000
2.000000,1.000000,215,0.000000,0.000000,0.000000,0.052201,0.066667,0.000000,2.000000
2.000000,1.000000,216,0.000000,0.000000,0.000000,0.002506,0.002506,0.000000,1.000000
2.000000,1.000000,217,0.300000,0.200000,0.240000,0.332205,1.000000,0.420023,15.000000
2.000000,1.000000,218,0.200000,0.133333,0.160000,0.254181,1.000000,0.212824,15.000000
2.000000,1.000000,219,0.000000,0.000000,0.000000,0.038966,0.032258,0.000000,18.000000
2.000000,1.000000,220,0.300000,0.157895,0.206897,0.172666,0.500000,0.128045,19.000000
2.000000,1.000000,221,0.300000,0.166667,0.214286,0.208713,1.000000,0.234437,18.000000
2.000000,1.000000,222,0.600000,0.666667,0.631579,0.732546,1.000000,0.748049,9.000000
2.000000,1.000000,223,0.300000,0.750000,0.428571,0.535437,1.000000,0.715697,4.000000
2.000000,1.000000,224,0.100000,0.125000,0.111111,0.129847,0.166667,0.095162,8.000000
2.000000,1.000000,225,0.300000,0.125000,0.176471,0.092340,0.500000,0.138904,24.000000
